id,nombre,alias,comuna,comuna_nombre,provincia,localidad,direccion,tipo_espacio,capacidad,administracion,programacion_teatral,companias,companias_nombre,web,instagram,facebook,correo,telefono,lat,lng,descripcion,fuentes,estado,fecha_descubrimiento,fecha_ultima_verificacion,duplicado_de,contradicciones,notas
ESP-0001,Centro Cultural de Los Andes,Anfiteatro Patio Las Heras — Centro Cultural de Los Andes,los-andes,Los Andes,los-andes,NO ENCONTRADO,"Maipú 475, Los Andes",Centro cultural,NO ENCONTRADO,Ilustre Municipalidad de Los Andes,sí,NO ENCONTRADO,NO ENCONTRADO,https://www.losandes.cl/centro-cultural/,NO ENCONTRADO,NO ENCONTRADO,contacto@munilosandes.cl,NO ENCONTRADO,NO ENCONTRADO,NO ENCONTRADO,"Espacio municipal de encuentro, aprendizaje y creación. Ofrece talleres artísticos y culturales para la comunidad: música (piano, guitarra, canto), danza (ballet, contemporáneo, jazz, tango) y artes visuales (dibujo, pintura, teatro, fotografía).",FUE-0001 | FUE-0089 | FUE-0093 | FUE-0161,VERIFICADO,2026-09-08,2026-09-08,NO ENCONTRADO,"direccion: 'Maipú 475, Los Andes' vs 'Esmeralda 536, Los Andes'","Importado de data/venues/centro-cultural-de-los-andes.json (score 78). Integra la Red de Espacios Culturales (2020) y es espacio bajo convenio Red Cultura. 'El Invitado' (Juan Radrigán) en el Anfiteatro Patio Las Heras, 30 de marzo de 2022, gratuita."
ESP-0002,Centro Cultural San Antonio,Sala Civita Aranda — Centro Cultural San Antonio,san-antonio,San Antonio,san-antonio,NO ENCONTRADO,"Antofagasta 545, Barrancas, San Antonio",Centro cultural,NO ENCONTRADO,Ilustre Municipalidad de San Antonio,sí,COMP-0100 | COMP-0039 | COMP-0050,Abisal | Cooperativa de Artes Escénicas de Valparaíso | Colectivo interdisciplinario Musgo,https://centrocultural.sanantonio.cl/,https://www.instagram.com/centroculturalsanantonio/,NO ENCONTRADO,CentroCultural@sanantonio.cl,NO ENCONTRADO,NO ENCONTRADO,NO ENCONTRADO,"Espacio cultural municipal de referencia de la comuna de San Antonio. Programa una cartelera gratuita de cine, música en vivo y teatro, además de actividades vinculadas a los planes de estudio en horario escolar. Sede del Festival Litoral Teatral.",FUE-0002 | FUE-0062 | FUE-0063 | FUE-0064 | FUE-0065 | FUE-0058 | FUE-0089 | FUE-0093 | FUE-0144 | FUE-0167 | FUE-0176 | FUE-0177 | FUE-0178,VERIFICADO,2026-09-08,2026-09-08,NO ENCONTRADO,NO ENCONTRADO,Importado de data/venues/centro-cultural-san-antonio.json (score 80). Integra la Red de Espacios Culturales (2020) y es espacio bajo convenio Red Cultura. Función gratuita de 'Terrapolis' el 6 de agosto de 2025. Organiza el Festival Litoral Teatral (2024: 10–21 de enero; 2026: abril). Sede de extensión del Festival Síntesis Teatral 2019.
ESP-0003,Parque Cultural de Valparaíso,PCdV,valparaiso,Valparaíso,valparaiso,NO ENCONTRADO,"Cumming 590, Cerro Cárcel, Valparaíso",Centro cultural,NO ENCONTRADO,NO ENCONTRADO,sí,COMP-0008 | COMP-0011 | COMP-0013 | COMP-0076 | COMP-0116,Fundación OANI de Teatro | Ludus Teatro | Centro de Investigación Teatro La Peste | Julieta y Compañía | Experimento Pierrot,https://parquecultural.cl/,NO ENCONTRADO,NO ENCONTRADO,contacto@pcdv.cl,NO ENCONTRADO,NO ENCONTRADO,NO ENCONTRADO,"Complejo arquitectónico construido sobre la ex Cárcel de Valparaíso, en Cerro Cárcel, inaugurado en octubre de 2011. Incluye un teatro, oficinas y salas de ensayo de danza, teatro, circo y música. Programa ciclos de teatro infantil y actividades familiares, como el «Parque en Verano».",FUE-0003 | FUE-0004 | FUE-0029 | FUE-0030 | FUE-0031 | FUE-0032 | FUE-0039 | FUE-0040 | FUE-0041 | FUE-0044 | FUE-0045 | FUE-0046 | FUE-0047 | FUE-0048 | FUE-0089 | FUE-0117 | FUE-0175 | FUE-0171 | FUE-0176 | FUE-0177 | FUE-0178,VERIFICADO,2026-09-08,2026-09-08,NO ENCONTRADO,"direccion: 'Cumming 590, Cerro Cárcel, Valparaíso' vs 'Cárcel 471, Cerro Cárcel, Valparaíso'","Importado de data/venues/parque-cultural-de-valparaiso.json (score 78). Integra la Red de Espacios Culturales (2020). 'Radioteatro: proceso formativo para personas mayores' (Fondo de Artes Escénicas 2023, Asociación Parque Cultural de Valparaíso). Mes del Teatro 2022 (12 al 15 de mayo, $2.500) y 'El Tiempo No Espera' (18 de julio de 2025)."
ESP-0004,Teatro Municipal Juan Bustos Ramírez,Teatro Juan Bustos,quilpue,Quilpué,marga-marga,NO ENCONTRADO,"Aníbal Pinto 650, Quilpué",Teatro,NO ENCONTRADO,Ilustre Municipalidad de Quilpué,sí,COMP-0011,Ludus Teatro,NO ENCONTRADO,NO ENCONTRADO,NO ENCONTRADO,NO ENCONTRADO,NO ENCONTRADO,NO ENCONTRADO,NO ENCONTRADO,"Inaugurado el 7 de diciembre de 1940 como Teatro Velarde, de estilo art decó. Ante riesgo de demolición, el municipio de Quilpué lo adquirió para conservarlo como patrimonio comunal; tras una restauración de 1.270 millones de pesos que recuperó puertas, lámparas y rejas originales y sumó equipamiento escénico y de iluminación, reabrió como Teatro Municipal Juan Bustos Ramírez el 12 de diciembre de 2017, con escenario principal, camarines, microcine, salas de ensayo y oficinas administrativas.",FUE-0005 | FUE-0006 | FUE-0039 | FUE-0040 | FUE-0041 | FUE-0089 | FUE-0093 | FUE-0175,PARCIAL,2026-09-08,2026-09-08,NO ENCONTRADO,NO ENCONTRADO,"Importado de data/venues/teatro-municipal-juan-bustos-ramirez.json (score 68). Integra la Red de Espacios Culturales (2020) y es espacio bajo convenio Red Cultura. 'Desentierren a los vivos' (dir. Pita Torres), 28 de mayo de 2022, gratuita."
ESP-0005,Teatro Municipal Pompeya,Teatro Pompeya,villa-alemana,Villa Alemana,marga-marga,NO ENCONTRADO,"Paseo peatonal Los Héroes, entre Avenida Valparaíso y calle Santiago, Villa Alemana",Teatro,500,Ilustre Municipalidad de Villa Alemana,sí,NO ENCONTRADO,NO ENCONTRADO,NO ENCONTRADO,NO ENCONTRADO,https://www.facebook.com/TeatroPompeya/,NO ENCONTRADO,NO ENCONTRADO,NO ENCONTRADO,NO ENCONTRADO,"Construido en 1925 por los arquitectos Aquiles Landoff y Renato Schiavon a iniciativa de Domingo Composto, e inaugurado el 25 de septiembre de 1926 como sala de cine de barrio, con capacidad para 500 personas entre platea y galería. Declarado Monumento Histórico Nacional en 2008. Dañado gravemente en el terremoto de 2010, fue restaurado entre 2011 y 2012 con una inversión de 830 millones de pesos y reabrió el 29 de octubre de 2012 como Teatro Municipal Pompeya, hoy propiedad de la Municipalidad de Villa Alemana.",FUE-0007 | FUE-0008 | FUE-0127,VERIFICADO,2026-09-08,2026-09-08,NO ENCONTRADO,"direccion: 'Paseo peatonal Los Héroes, entre Avenida Valparaíso y calle Santiago, Villa Alemana' vs 'Paseo Los Héroes (ex Paseo Latorre), Villa Alemana'; administracion: 'Ilustre Municipalidad de Villa Alemana' vs 'municipal'","Importado de data/venues/teatro-municipal-pompeya.json (score 82). Implementación de nuevas tecnologías (Fondart Nacional 2022, $29.454.606, I. Municipalidad de Villa Alemana). Inaugurado en 1926; administrado por la familia Composto hasta 2010 y por la Municipalidad de Villa Alemana desde 2011 (tras su restauración). Monumento Histórico desde 2009. Centenario en 2026 con programación principalmente musical (4, 9, 10, 25 y 26 de septiembre de 2026)."
ESP-0006,Teatro Rodolfo Bravo del Centro Cultural Municipal Leopoldo Silva Reynoard,Teatro Rodolfo Bravo | Teatro Rodolfo Bravo A.,quillota,Quillota,quillota,NO ENCONTRADO,"Avenida 21 de Mayo 200, Quillota (Centro Cultural Leopoldo Silva Reynoard)",Teatro,NO ENCONTRADO,Ilustre Municipalidad de Quillota,sí,NO ENCONTRADO,NO ENCONTRADO,NO ENCONTRADO,https://x.com/qtacultural,https://www.facebook.com/centroculturalquillota/,NO ENCONTRADO,NO ENCONTRADO,NO ENCONTRADO,NO ENCONTRADO,"Sala teatral del Centro Cultural Municipal Leopoldo Silva Reynoard de Quillota. Reabrió al público el 22 de enero de 2021 tras el cierre por la pandemia, con programación semanal y protocolos de aforo y sanitización; el municipio complementó la temporada con intervenciones culturales en barrios para llegar a quienes no podían asistir a la sala.",FUE-0009 | FUE-0010 | FUE-0098 | FUE-0155 | FUE-0159,PARCIAL,2026-09-08,2026-09-08,NO ENCONTRADO,nombre: 'Teatro Rodolfo Bravo del Centro Cultural Municipal Leopoldo Silva Reynoard' vs 'Teatro Rodolfo Bravo'; administracion: 'Ilustre Municipalidad de Quillota' vs 'municipal',"Importado de data/venues/teatro-rodolfo-bravo.json (score 62). 'Nuevo equipamiento para el Teatro Rodolfo Bravo del Centro Cultural Municipal Leopoldo Silva Reynoard de Quillota' (Fondo de Artes Escénicas 2025, $14.991.800, I. Municipalidad de Quillota): el teatro forma parte del Centro Cultural Leopoldo Silva Reynoard. Sala del Centro Cultural Leopoldo Silva Reynoard. 'Artículo 161' (montaje interactivo, 8 de septiembre de 2026, 19:00, entrada liberada); 'Sólo Folklore' 25ª versión (11 y 12 de septiembre de 2026). 'Tibia' (práctica performativa, fines de julio de 2025, gratuita, función escolar y general)."
ESP-0007,Fundación Teatromuseo del Títere y el Payaso,Teatromuseo | TeatroMuseo del Títere y el Payaso,valparaiso,Valparaíso,valparaiso,NO ENCONTRADO,"Cumming 795, Cerro Cárcel, Valparaíso",Teatro,NO ENCONTRADO,"Fundación Teatromuseo del Títere y el Payaso (privada, sin fines de lucro)",NO ENCONTRADO,NO ENCONTRADO,NO ENCONTRADO,https://www.teatromuseo.cl/,NO ENCONTRADO,https://www.facebook.com/teatromuseo/,(+56) 32 259 2226,NO ENCONTRADO,NO ENCONTRADO,NO ENCONTRADO,"Fundada en 2007 en la antigua capilla de San Judas Tadeo, en Cerro Cárcel, junto al mirador Plaza Bismarck. Reúne una escuela internacional de formación, un museo especializado y un teatro con programación familiar permanente dedicados a los títeres y el payaso. Sede del Festival Caleta de Títeres y espacio de origen de la compañía Festín de la Risa.",FUE-0011 | FUE-0012 | FUE-0059 | FUE-0089 | FUE-0090,VERIFICADO,2026-09-08,2026-09-08,NO ENCONTRADO,NO ENCONTRADO,Importado de data/venues/teatromuseo-del-titere-y-el-payaso.json (score 80). Integra la Red de Espacios Culturales (2020); beneficiaria PAOCC 2020 ($17.922.860).
ESP-0008,Casa de la Cultura de Algarrobo,NO ENCONTRADO,algarrobo,Algarrobo,san-antonio,NO ENCONTRADO,NO ENCONTRADO,Centro cultural,NO ENCONTRADO,NO ENCONTRADO,NO ENCONTRADO,NO ENCONTRADO,NO ENCONTRADO,NO ENCONTRADO,NO ENCONTRADO,NO ENCONTRADO,NO ENCONTRADO,NO ENCONTRADO,NO ENCONTRADO,NO ENCONTRADO,NO ENCONTRADO,FUE-0089,PARCIAL,2026-09-08,2026-09-08,NO ENCONTRADO,NO ENCONTRADO,Integra la Red de Espacios Culturales de la Región de Valparaíso (2020).
ESP-0009,Museo y Centro Cultural Presidente Pedro Aguirre Cerda,NO ENCONTRADO,calle-larga,Calle Larga,los-andes,NO ENCONTRADO,NO ENCONTRADO,Centro cultural,NO ENCONTRADO,NO ENCONTRADO,NO ENCONTRADO,NO ENCONTRADO,NO ENCONTRADO,NO ENCONTRADO,NO ENCONTRADO,NO ENCONTRADO,NO ENCONTRADO,NO ENCONTRADO,NO ENCONTRADO,NO ENCONTRADO,NO ENCONTRADO,FUE-0089,PARCIAL,2026-09-08,2026-09-08,NO ENCONTRADO,NO ENCONTRADO,Integra la Red de Espacios Culturales de la Región de Valparaíso (2020).
ESP-0010,Ex Estación de Ferrocarriles de Cartagena,NO ENCONTRADO,cartagena,Cartagena,san-antonio,NO ENCONTRADO,NO ENCONTRADO,Espacio patrimonial,NO ENCONTRADO,municipal,NO ENCONTRADO,NO ENCONTRADO,NO ENCONTRADO,NO ENCONTRADO,NO ENCONTRADO,NO ENCONTRADO,NO ENCONTRADO,NO ENCONTRADO,NO ENCONTRADO,NO ENCONTRADO,NO ENCONTRADO,FUE-0089,PARCIAL,2026-09-08,2026-09-08,NO ENCONTRADO,NO ENCONTRADO,"Listado como 'Ex Estación de Ferrocarriles, Municipalidad de Cartagena' en la Red de Espacios Culturales (2020)."
ESP-0011,Avanzada Cultural de Concón,NO ENCONTRADO,concon,Concón,valparaiso,NO ENCONTRADO,NO ENCONTRADO,Centro cultural,NO ENCONTRADO,NO ENCONTRADO,NO ENCONTRADO,NO ENCONTRADO,NO ENCONTRADO,NO ENCONTRADO,NO ENCONTRADO,NO ENCONTRADO,NO ENCONTRADO,NO ENCONTRADO,NO ENCONTRADO,NO ENCONTRADO,NO ENCONTRADO,FUE-0089,PARCIAL,2026-09-08,2026-09-08,NO ENCONTRADO,NO ENCONTRADO,Integra la Red de Espacios Culturales de la Región de Valparaíso (2020).
ESP-0012,Centro Cultural Camilo Mori,NO ENCONTRADO,el-quisco,El Quisco,san-antonio,NO ENCONTRADO,NO ENCONTRADO,Centro cultural,NO ENCONTRADO,NO ENCONTRADO,sí,COMP-0100,Abisal,NO ENCONTRADO,NO ENCONTRADO,NO ENCONTRADO,NO ENCONTRADO,NO ENCONTRADO,NO ENCONTRADO,NO ENCONTRADO,NO ENCONTRADO,FUE-0089 | FUE-0144,PARCIAL,2026-09-08,2026-09-08,NO ENCONTRADO,NO ENCONTRADO,Integra la Red de Espacios Culturales de la Región de Valparaíso (2020). Función gratuita de 'Terrapolis' el 12 de agosto de 2025.
ESP-0013,Casa de la Cultura de El Tabo,NO ENCONTRADO,el-tabo,El Tabo,san-antonio,NO ENCONTRADO,NO ENCONTRADO,Centro cultural,NO ENCONTRADO,NO ENCONTRADO,NO ENCONTRADO,NO ENCONTRADO,NO ENCONTRADO,NO ENCONTRADO,NO ENCONTRADO,NO ENCONTRADO,NO ENCONTRADO,NO ENCONTRADO,NO ENCONTRADO,NO ENCONTRADO,NO ENCONTRADO,FUE-0089,PARCIAL,2026-09-08,2026-09-08,NO ENCONTRADO,NO ENCONTRADO,Integra la Red de Espacios Culturales de la Región de Valparaíso (2020).
ESP-0014,Teatro Municipal de Llay Llay,NO ENCONTRADO,llaillay,Llaillay,san-felipe-de-aconcagua,NO ENCONTRADO,NO ENCONTRADO,Teatro,NO ENCONTRADO,municipal,sí,NO ENCONTRADO,NO ENCONTRADO,NO ENCONTRADO,NO ENCONTRADO,NO ENCONTRADO,NO ENCONTRADO,NO ENCONTRADO,NO ENCONTRADO,NO ENCONTRADO,NO ENCONTRADO,FUE-0089,PARCIAL,2026-09-08,2026-09-08,NO ENCONTRADO,NO ENCONTRADO,Integra la Red de Espacios Culturales (2020); programó 'Llay Llay su gente y su cultura' entre octubre de 2020 y marzo de 2021.
ESP-0015,Sala Cultural Raúl Tagle Bennet,NO ENCONTRADO,panquehue,Panquehue,san-felipe-de-aconcagua,NO ENCONTRADO,NO ENCONTRADO,Sala teatral,NO ENCONTRADO,NO ENCONTRADO,NO ENCONTRADO,NO ENCONTRADO,NO ENCONTRADO,NO ENCONTRADO,NO ENCONTRADO,NO ENCONTRADO,NO ENCONTRADO,NO ENCONTRADO,NO ENCONTRADO,NO ENCONTRADO,NO ENCONTRADO,FUE-0089,PARCIAL,2026-09-08,2026-09-08,NO ENCONTRADO,NO ENCONTRADO,Integra la Red de Espacios Culturales (2020); programó circo y música entre octubre de 2020 y marzo de 2021.
ESP-0016,Centro Cultural Leopoldo Silva Reynoard,Centro Cultural Leopoldo Silva | Centro Cultural Municipal Leopoldo Silva,quillota,Quillota,quillota,NO ENCONTRADO,"Avenida 21 de Mayo 200, Quillota",Centro cultural,NO ENCONTRADO,municipal,sí,COMP-0018 | COMP-0104 | COMP-0105 | COMP-0106 | COMP-0109,Teatro Ánima | Teatro AlmaZen | Proyectico Títeres Educativos | Cía. Manga de Fracasados | Taller Municipal de Teatro de Quillota,NO ENCONTRADO,NO ENCONTRADO,NO ENCONTRADO,NO ENCONTRADO,NO ENCONTRADO,NO ENCONTRADO,NO ENCONTRADO,NO ENCONTRADO,FUE-0089 | FUE-0093 | FUE-0156 | FUE-0155 | FUE-0159 | FUE-0160 | FUE-0176 | FUE-0177 | FUE-0178,PARCIAL,2026-09-08,2026-09-08,NO ENCONTRADO,NO ENCONTRADO,"Integra la Red de Espacios Culturales (2020) y es espacio bajo convenio Red Cultura; programó teatro familiar entre octubre de 2020 y marzo de 2021. Organiza el Ciclo de Teatro Familiar (vacaciones de invierno 2019) y programa teatro en el Teatro Rodolfo Bravo ('Artículo 161', 8 de septiembre de 2026). Produce el montaje 'El motín contra Portales' (Red Cultura 2024, Espacios Culturales Bajo Convenio) y alberga el Taller Municipal de Teatro (grupos adolescentes, juvenil-adulto y adulto mayor), la Academia Municipal de Danza y la Orquesta Municipal de Música Popular. Sede de extensión del Festival Síntesis Teatral 2019."
ESP-0017,Teatro Municipal de Santa María,NO ENCONTRADO,santa-maria,Santa María,san-felipe-de-aconcagua,NO ENCONTRADO,NO ENCONTRADO,Teatro,NO ENCONTRADO,municipal,NO ENCONTRADO,NO ENCONTRADO,NO ENCONTRADO,NO ENCONTRADO,NO ENCONTRADO,NO ENCONTRADO,NO ENCONTRADO,NO ENCONTRADO,NO ENCONTRADO,NO ENCONTRADO,NO ENCONTRADO,FUE-0089,PARCIAL,2026-09-08,2026-09-08,NO ENCONTRADO,NO ENCONTRADO,Listado como 'Teatro Municipal (Santa María)' en la Red de Espacios Culturales (2020).
ESP-0018,Sala de Artes Escénicas Universidad de Playa Ancha,Sala UPLA | Sala de Artes Escénico (Universidad de Playa Ancha) | La Upla,valparaiso,Valparaíso,valparaiso,NO ENCONTRADO,NO ENCONTRADO,Espacio universitario,NO ENCONTRADO,universitario,sí,NO ENCONTRADO,NO ENCONTRADO,NO ENCONTRADO,NO ENCONTRADO,NO ENCONTRADO,NO ENCONTRADO,NO ENCONTRADO,NO ENCONTRADO,NO ENCONTRADO,NO ENCONTRADO,FUE-0089 | FUE-0133 | FUE-0176 | FUE-0177 | FUE-0178,PARCIAL,2026-09-08,2026-09-08,NO ENCONTRADO,NO ENCONTRADO,"Integra la Red de Espacios Culturales (2020); programó la obra 'Mentira' entre octubre de 2020 y marzo de 2021. Valpocultura la lista como 'la Upla' con 'La Señorita Julia' (27 de agosto al 6 de septiembre de 2026, $3.500). Sede ('Sala Upla') del Festival Síntesis Teatral 2019."
ESP-0019,Sala Negra Universidad de Valparaíso,Sala Negra UV | Sala Negra | Sala Negra Juan Barattini Carvelli | Sala Negra Juan Baratini,valparaiso,Valparaíso,valparaiso,NO ENCONTRADO,NO ENCONTRADO,Espacio universitario,NO ENCONTRADO,universitario,sí,NO ENCONTRADO,NO ENCONTRADO,NO ENCONTRADO,NO ENCONTRADO,NO ENCONTRADO,NO ENCONTRADO,NO ENCONTRADO,NO ENCONTRADO,NO ENCONTRADO,NO ENCONTRADO,FUE-0089 | FUE-0133,PARCIAL,2026-09-08,2026-09-08,NO ENCONTRADO,NO ENCONTRADO,"Integra la Red de Espacios Culturales (2020). Valpocultura registra la 'Cartelera Sala Negra Juan Baratini_UV – Obras Seleccionadas 2026' del 23 de abril al 5 de diciembre de 2026, gratuita."
ESP-0020,Sala Pascal 79,NO ENCONTRADO,valparaiso,Valparaíso,valparaiso,NO ENCONTRADO,NO ENCONTRADO,Espacio independiente,NO ENCONTRADO,independiente,sí,NO ENCONTRADO,NO ENCONTRADO,NO ENCONTRADO,NO ENCONTRADO,NO ENCONTRADO,NO ENCONTRADO,NO ENCONTRADO,NO ENCONTRADO,NO ENCONTRADO,NO ENCONTRADO,FUE-0089 | FUE-0090,PARCIAL,2026-09-08,2026-09-08,NO ENCONTRADO,NO ENCONTRADO,Integra la Red de Espacios Culturales (2020); beneficiaria PAOCC 2020 ($18.000.000); programó la obra 'Nog Bua' entre octubre de 2020 y marzo de 2021.
ESP-0021,Sala Insomnia Teatro Condell,Insomnia Teatro Condell | Teatro Condell,valparaiso,Valparaíso,valparaiso,NO ENCONTRADO,NO ENCONTRADO,Sala teatral,NO ENCONTRADO,independiente,sí,COMP-0100,Abisal,NO ENCONTRADO,NO ENCONTRADO,NO ENCONTRADO,NO ENCONTRADO,NO ENCONTRADO,NO ENCONTRADO,NO ENCONTRADO,NO ENCONTRADO,FUE-0089 | FUE-0090 | FUE-0144,PARCIAL,2026-09-08,2026-09-08,NO ENCONTRADO,NO ENCONTRADO,"Integra la Red de Espacios Culturales (2020); beneficiaria PAOCC 2020 ($17.959.600). Función de 'Terrapolis' el 31 de julio de 2025, 18:00, $3.500."
ESP-0022,Centro Cultural Gabriela Mistral,NO ENCONTRADO,villa-alemana,Villa Alemana,marga-marga,NO ENCONTRADO,"Santiago 674, Villa Alemana",Centro cultural,NO ENCONTRADO,NO ENCONTRADO,sí,COMP-0076 | COMP-0118,Julieta y Compañía | Ankalli Artes Escénicas,NO ENCONTRADO,NO ENCONTRADO,NO ENCONTRADO,NO ENCONTRADO,NO ENCONTRADO,NO ENCONTRADO,NO ENCONTRADO,NO ENCONTRADO,FUE-0089 | FUE-0093 | FUE-0092 | FUE-0175 | FUE-0171,PARCIAL,2026-09-08,2026-09-08,NO ENCONTRADO,NO ENCONTRADO,"Integra la Red de Espacios Culturales (2020) y es espacio bajo convenio Red Cultura; programó 'La mala conexión' entre octubre de 2020 y marzo de 2021; mencionado en la nota de Fondos Cultura 2026. Estreno de 'El Tiempo No Espera' (10 de abril de 2025) y 'Vino por la causa' (Ankalli Artes Escénicas, 15 de mayo de 2022)."
ESP-0023,Centro Cultural Surco,NO ENCONTRADO,vina-del-mar,Viña del Mar,valparaiso,NO ENCONTRADO,NO ENCONTRADO,Centro cultural,NO ENCONTRADO,NO ENCONTRADO,NO ENCONTRADO,NO ENCONTRADO,NO ENCONTRADO,NO ENCONTRADO,NO ENCONTRADO,NO ENCONTRADO,NO ENCONTRADO,NO ENCONTRADO,NO ENCONTRADO,NO ENCONTRADO,NO ENCONTRADO,FUE-0089 | FUE-0088,PARCIAL,2026-09-08,2026-09-08,NO ENCONTRADO,NO ENCONTRADO,Punto de Cultura Comunitaria (listado en Viña del Mar). La nota de la Red de Espacios Culturales (2020) lo ubica en Valparaíso: comuna por confirmar.
ESP-0024,Centro Lector Katipare,NO ENCONTRADO,isla-de-pascua,Isla de Pascua,isla-de-pascua,NO ENCONTRADO,NO ENCONTRADO,Centro cultural,NO ENCONTRADO,NO ENCONTRADO,NO ENCONTRADO,NO ENCONTRADO,NO ENCONTRADO,NO ENCONTRADO,NO ENCONTRADO,NO ENCONTRADO,NO ENCONTRADO,NO ENCONTRADO,NO ENCONTRADO,NO ENCONTRADO,NO ENCONTRADO,FUE-0093,PARCIAL,2026-09-08,2026-09-08,NO ENCONTRADO,NO ENCONTRADO,"Espacio bajo convenio Red Cultura en Rapa Nui; centro lector, programación teatral no confirmada."
ESP-0025,Carpa Azul Circo,Centro Cultural Carpa Azul Circo,valparaiso,Valparaíso,valparaiso,Cerro Barón,NO ENCONTRADO,Espacio independiente,NO ENCONTRADO,independiente,sí,COMP-0042,Teatro Desastre,NO ENCONTRADO,NO ENCONTRADO,NO ENCONTRADO,NO ENCONTRADO,NO ENCONTRADO,NO ENCONTRADO,NO ENCONTRADO,NO ENCONTRADO,FUE-0090 | FUE-0088 | FUE-0131 | FUE-0132,PARCIAL,2026-09-08,2026-09-08,NO ENCONTRADO,NO ENCONTRADO,"Beneficiaria PAOCC 2020 ($17.659.947); Punto de Cultura Comunitaria (circo). Sede de Ciudad Teatro 2025 ('Amada Gayshá', Teatro Desastre)."
ESP-0026,Centro Cultural Placilla,NO ENCONTRADO,valparaiso,Valparaíso,valparaiso,Placilla,NO ENCONTRADO,Centro cultural,NO ENCONTRADO,NO ENCONTRADO,NO ENCONTRADO,NO ENCONTRADO,NO ENCONTRADO,NO ENCONTRADO,NO ENCONTRADO,NO ENCONTRADO,NO ENCONTRADO,NO ENCONTRADO,NO ENCONTRADO,NO ENCONTRADO,NO ENCONTRADO,FUE-0090,PARCIAL,2026-09-08,2026-09-08,NO ENCONTRADO,NO ENCONTRADO,Beneficiaria PAOCC 2020 ($12.964.150). La nota lo ubica en 'Placilla' (localidad de la comuna de Valparaíso). Programación teatral no confirmada.
ESP-0027,Cámara Lúcida,NO ENCONTRADO,valparaiso,Valparaíso,valparaiso,NO ENCONTRADO,NO ENCONTRADO,Espacio independiente,NO ENCONTRADO,NO ENCONTRADO,NO ENCONTRADO,NO ENCONTRADO,NO ENCONTRADO,NO ENCONTRADO,NO ENCONTRADO,NO ENCONTRADO,NO ENCONTRADO,NO ENCONTRADO,NO ENCONTRADO,NO ENCONTRADO,NO ENCONTRADO,FUE-0090,PARCIAL,2026-09-08,2026-09-08,NO ENCONTRADO,NO ENCONTRADO,Beneficiaria PAOCC 2020 ($15.439.846). Programación teatral no confirmada.
ESP-0028,Centro Cultural Agrupación de Danza Miguel Pizarro,NO ENCONTRADO,valparaiso,Valparaíso,valparaiso,NO ENCONTRADO,NO ENCONTRADO,Espacio independiente,NO ENCONTRADO,NO ENCONTRADO,NO ENCONTRADO,NO ENCONTRADO,NO ENCONTRADO,NO ENCONTRADO,NO ENCONTRADO,NO ENCONTRADO,NO ENCONTRADO,NO ENCONTRADO,NO ENCONTRADO,NO ENCONTRADO,NO ENCONTRADO,FUE-0090,PARCIAL,2026-09-08,2026-09-08,NO ENCONTRADO,NO ENCONTRADO,Beneficiaria PAOCC 2020 ($17.713.787). Espacio de danza; programación teatral no confirmada.
ESP-0029,CasaPlan,NO ENCONTRADO,vina-del-mar,Viña del Mar,valparaiso,NO ENCONTRADO,NO ENCONTRADO,Espacio independiente,NO ENCONTRADO,NO ENCONTRADO,NO ENCONTRADO,NO ENCONTRADO,NO ENCONTRADO,NO ENCONTRADO,NO ENCONTRADO,NO ENCONTRADO,NO ENCONTRADO,NO ENCONTRADO,NO ENCONTRADO,NO ENCONTRADO,NO ENCONTRADO,FUE-0090,PARCIAL,2026-09-08,2026-09-08,NO ENCONTRADO,NO ENCONTRADO,Beneficiaria PAOCC 2020 ($17.592.638). Programación teatral no confirmada.
ESP-0030,Espacio Cultural Warhola,NO ENCONTRADO,valparaiso,Valparaíso,valparaiso,NO ENCONTRADO,NO ENCONTRADO,Espacio independiente,NO ENCONTRADO,NO ENCONTRADO,NO ENCONTRADO,NO ENCONTRADO,NO ENCONTRADO,NO ENCONTRADO,NO ENCONTRADO,NO ENCONTRADO,NO ENCONTRADO,NO ENCONTRADO,NO ENCONTRADO,NO ENCONTRADO,NO ENCONTRADO,FUE-0090,PARCIAL,2026-09-08,2026-09-08,NO ENCONTRADO,NO ENCONTRADO,Beneficiaria PAOCC 2020 ($16.440.898). Programación teatral no confirmada.
ESP-0031,Dispositivo Cultural,NO ENCONTRADO,valparaiso,Valparaíso,valparaiso,NO ENCONTRADO,NO ENCONTRADO,Espacio independiente,NO ENCONTRADO,NO ENCONTRADO,NO ENCONTRADO,NO ENCONTRADO,NO ENCONTRADO,NO ENCONTRADO,NO ENCONTRADO,NO ENCONTRADO,NO ENCONTRADO,NO ENCONTRADO,NO ENCONTRADO,NO ENCONTRADO,NO ENCONTRADO,FUE-0090,PARCIAL,2026-09-08,2026-09-08,NO ENCONTRADO,NO ENCONTRADO,Beneficiaria PAOCC 2020 ($7.831.750). Programación teatral no confirmada.
ESP-0032,Cine Arte de Viña del Mar,NO ENCONTRADO,vina-del-mar,Viña del Mar,valparaiso,NO ENCONTRADO,NO ENCONTRADO,Sala teatral,NO ENCONTRADO,NO ENCONTRADO,NO ENCONTRADO,NO ENCONTRADO,NO ENCONTRADO,NO ENCONTRADO,NO ENCONTRADO,NO ENCONTRADO,NO ENCONTRADO,NO ENCONTRADO,NO ENCONTRADO,NO ENCONTRADO,NO ENCONTRADO,FUE-0090,PARCIAL,2026-09-08,2026-09-08,NO ENCONTRADO,NO ENCONTRADO,Beneficiaria PAOCC 2020 ($17.998.000). Sala de cine; programación teatral no confirmada.
ESP-0033,Centro Comunitario Las Cañas,NO ENCONTRADO,valparaiso,Valparaíso,valparaiso,Cerro Las Cañas,"Camino Uno 1115, Cerro Las Cañas, Valparaíso",Centro comunitario,NO ENCONTRADO,comunitario,sí,COMP-0043 | COMP-0073,La Bayka | Teatro La Washa,https://comunitariolascanas.cl/,https://www.instagram.com/comunitariolascanas/,NO ENCONTRADO,NO ENCONTRADO,NO ENCONTRADO,NO ENCONTRADO,NO ENCONTRADO,NO ENCONTRADO,FUE-0088 | FUE-0131 | FUE-0132 | FUE-0069 | FUE-0136 | FUE-0138 | FUE-0139,PARCIAL,2026-09-08,2026-09-08,NO ENCONTRADO,NO ENCONTRADO,"Punto de Cultura Comunitaria; sede del Festival Ventolera según fichas de compañías de títeres. Sede de Ciudad Teatro 2025 ('Fofi el cachorro', La Bayka). Sede del IV Festival Ventolera (20 de octubre de 2024) y de 'Vuela' (Teatro La Washa, Ciudad Teatro, 17 de mayo de 2026)."
ESP-0034,Centro Cultural Playa Ancha,NO ENCONTRADO,valparaiso,Valparaíso,valparaiso,Playa Ancha,NO ENCONTRADO,Centro cultural,NO ENCONTRADO,NO ENCONTRADO,NO ENCONTRADO,NO ENCONTRADO,NO ENCONTRADO,NO ENCONTRADO,NO ENCONTRADO,NO ENCONTRADO,NO ENCONTRADO,NO ENCONTRADO,NO ENCONTRADO,NO ENCONTRADO,NO ENCONTRADO,FUE-0088,PARCIAL,2026-09-08,2026-09-08,NO ENCONTRADO,NO ENCONTRADO,Punto de Cultura Comunitaria. Programación teatral no confirmada.
ESP-0035,Anfiteatro Barón Lui Mongo Centro Cultural Deportivo y Comunitario,NO ENCONTRADO,valparaiso,Valparaíso,valparaiso,Cerro Barón,NO ENCONTRADO,Centro comunitario,NO ENCONTRADO,NO ENCONTRADO,NO ENCONTRADO,NO ENCONTRADO,NO ENCONTRADO,NO ENCONTRADO,NO ENCONTRADO,NO ENCONTRADO,NO ENCONTRADO,NO ENCONTRADO,NO ENCONTRADO,NO ENCONTRADO,NO ENCONTRADO,FUE-0088 | FUE-0115,PARCIAL,2026-09-08,2026-09-08,NO ENCONTRADO,NO ENCONTRADO,"Punto de Cultura Comunitaria. Programación teatral no confirmada. 'Formación artística comunitaria desde el Anfiteatro Lui Mongo' (Fondart Regional 2024, $9.783.352)."
ESP-0036,Espacio Katarcis Recuperado y Liberado,NO ENCONTRADO,valparaiso,Valparaíso,valparaiso,NO ENCONTRADO,NO ENCONTRADO,Espacio autogestionado,NO ENCONTRADO,NO ENCONTRADO,NO ENCONTRADO,NO ENCONTRADO,NO ENCONTRADO,NO ENCONTRADO,NO ENCONTRADO,NO ENCONTRADO,NO ENCONTRADO,NO ENCONTRADO,NO ENCONTRADO,NO ENCONTRADO,NO ENCONTRADO,FUE-0088,PARCIAL,2026-09-08,2026-09-08,NO ENCONTRADO,NO ENCONTRADO,Punto de Cultura Comunitaria. Programación teatral no confirmada.
ESP-0037,Sitio Eriazo Taller de Artes y Oficios,Sitio Eriazo,valparaiso,Valparaíso,valparaiso,NO ENCONTRADO,NO ENCONTRADO,Espacio autogestionado,NO ENCONTRADO,NO ENCONTRADO,NO ENCONTRADO,NO ENCONTRADO,NO ENCONTRADO,NO ENCONTRADO,NO ENCONTRADO,NO ENCONTRADO,NO ENCONTRADO,NO ENCONTRADO,NO ENCONTRADO,NO ENCONTRADO,NO ENCONTRADO,FUE-0088,PARCIAL,2026-09-08,2026-09-08,NO ENCONTRADO,NO ENCONTRADO,Punto de Cultura Comunitaria. Programación teatral no confirmada.
ESP-0038,Centro Cultural Valpolanco,NO ENCONTRADO,valparaiso,Valparaíso,valparaiso,NO ENCONTRADO,NO ENCONTRADO,Centro cultural,NO ENCONTRADO,NO ENCONTRADO,NO ENCONTRADO,NO ENCONTRADO,NO ENCONTRADO,NO ENCONTRADO,NO ENCONTRADO,NO ENCONTRADO,NO ENCONTRADO,NO ENCONTRADO,NO ENCONTRADO,NO ENCONTRADO,NO ENCONTRADO,FUE-0088,PARCIAL,2026-09-08,2026-09-08,NO ENCONTRADO,NO ENCONTRADO,Punto de Cultura Comunitaria. Programación teatral no confirmada.
ESP-0039,Centro Cultural Patio Sócrates,NO ENCONTRADO,valparaiso,Valparaíso,valparaiso,NO ENCONTRADO,NO ENCONTRADO,Centro cultural,NO ENCONTRADO,NO ENCONTRADO,NO ENCONTRADO,NO ENCONTRADO,NO ENCONTRADO,NO ENCONTRADO,NO ENCONTRADO,NO ENCONTRADO,NO ENCONTRADO,NO ENCONTRADO,NO ENCONTRADO,NO ENCONTRADO,NO ENCONTRADO,FUE-0088,PARCIAL,2026-09-08,2026-09-08,NO ENCONTRADO,NO ENCONTRADO,Punto de Cultura Comunitaria. Programación teatral no confirmada.
ESP-0040,Centro Cultural Huellas,NO ENCONTRADO,concon,Concón,valparaiso,NO ENCONTRADO,NO ENCONTRADO,Centro cultural,NO ENCONTRADO,NO ENCONTRADO,NO ENCONTRADO,NO ENCONTRADO,NO ENCONTRADO,NO ENCONTRADO,NO ENCONTRADO,NO ENCONTRADO,NO ENCONTRADO,NO ENCONTRADO,NO ENCONTRADO,NO ENCONTRADO,NO ENCONTRADO,FUE-0088,PARCIAL,2026-09-08,2026-09-08,NO ENCONTRADO,NO ENCONTRADO,Punto de Cultura Comunitaria. Programación teatral no confirmada.
ESP-0041,Centro Cultural Coipo,NO ENCONTRADO,concon,Concón,valparaiso,NO ENCONTRADO,NO ENCONTRADO,Centro cultural,NO ENCONTRADO,NO ENCONTRADO,NO ENCONTRADO,NO ENCONTRADO,NO ENCONTRADO,NO ENCONTRADO,NO ENCONTRADO,NO ENCONTRADO,NO ENCONTRADO,NO ENCONTRADO,NO ENCONTRADO,NO ENCONTRADO,NO ENCONTRADO,FUE-0088,PARCIAL,2026-09-08,2026-09-08,NO ENCONTRADO,NO ENCONTRADO,Punto de Cultura Comunitaria. Programación teatral no confirmada.
ESP-0042,Trxwun Espacio Cultural Comunitario,NO ENCONTRADO,el-tabo,El Tabo,san-antonio,NO ENCONTRADO,NO ENCONTRADO,Centro comunitario,NO ENCONTRADO,NO ENCONTRADO,NO ENCONTRADO,NO ENCONTRADO,NO ENCONTRADO,NO ENCONTRADO,NO ENCONTRADO,NO ENCONTRADO,NO ENCONTRADO,NO ENCONTRADO,NO ENCONTRADO,NO ENCONTRADO,NO ENCONTRADO,FUE-0088,PARCIAL,2026-09-08,2026-09-08,NO ENCONTRADO,NO ENCONTRADO,Punto de Cultura Comunitaria. Programación teatral no confirmada.
ESP-0043,La Casa Centro Cultural,NO ENCONTRADO,la-ligua,La Ligua,petorca,NO ENCONTRADO,NO ENCONTRADO,Centro cultural,NO ENCONTRADO,NO ENCONTRADO,NO ENCONTRADO,NO ENCONTRADO,NO ENCONTRADO,NO ENCONTRADO,NO ENCONTRADO,NO ENCONTRADO,NO ENCONTRADO,NO ENCONTRADO,NO ENCONTRADO,NO ENCONTRADO,NO ENCONTRADO,FUE-0088,PARCIAL,2026-09-08,2026-09-08,NO ENCONTRADO,NO ENCONTRADO,Punto de Cultura Comunitaria. Programación teatral no confirmada.
ESP-0044,Centro Cultural Educacional Kimun,NO ENCONTRADO,limache,Limache,marga-marga,NO ENCONTRADO,NO ENCONTRADO,Centro cultural,NO ENCONTRADO,NO ENCONTRADO,NO ENCONTRADO,NO ENCONTRADO,NO ENCONTRADO,NO ENCONTRADO,NO ENCONTRADO,NO ENCONTRADO,NO ENCONTRADO,NO ENCONTRADO,NO ENCONTRADO,NO ENCONTRADO,NO ENCONTRADO,FUE-0088,PARCIAL,2026-09-08,2026-09-08,NO ENCONTRADO,NO ENCONTRADO,Punto de Cultura Comunitaria. Programación teatral no confirmada.
ESP-0045,Casa Cultural El Chagual,NO ENCONTRADO,olmue,Olmué,marga-marga,NO ENCONTRADO,NO ENCONTRADO,Centro cultural,NO ENCONTRADO,NO ENCONTRADO,NO ENCONTRADO,NO ENCONTRADO,NO ENCONTRADO,NO ENCONTRADO,NO ENCONTRADO,NO ENCONTRADO,NO ENCONTRADO,NO ENCONTRADO,NO ENCONTRADO,NO ENCONTRADO,NO ENCONTRADO,FUE-0088,PARCIAL,2026-09-08,2026-09-08,NO ENCONTRADO,NO ENCONTRADO,Punto de Cultura Comunitaria. Programación teatral no confirmada.
ESP-0046,Centro Cultural Roberto Matta para las Artes y la Educación,NO ENCONTRADO,quilpue,Quilpué,marga-marga,NO ENCONTRADO,NO ENCONTRADO,Centro cultural,NO ENCONTRADO,NO ENCONTRADO,NO ENCONTRADO,NO ENCONTRADO,NO ENCONTRADO,NO ENCONTRADO,NO ENCONTRADO,NO ENCONTRADO,NO ENCONTRADO,NO ENCONTRADO,NO ENCONTRADO,NO ENCONTRADO,NO ENCONTRADO,FUE-0088,PARCIAL,2026-09-08,2026-09-08,NO ENCONTRADO,NO ENCONTRADO,Punto de Cultura Comunitaria. Programación teatral no confirmada.
ESP-0047,Centro Cultural Alto Sol de Colliguay,NO ENCONTRADO,quilpue,Quilpué,marga-marga,Colliguay,NO ENCONTRADO,Centro cultural,NO ENCONTRADO,NO ENCONTRADO,NO ENCONTRADO,NO ENCONTRADO,NO ENCONTRADO,NO ENCONTRADO,NO ENCONTRADO,NO ENCONTRADO,NO ENCONTRADO,NO ENCONTRADO,NO ENCONTRADO,NO ENCONTRADO,NO ENCONTRADO,FUE-0088,PARCIAL,2026-09-08,2026-09-08,NO ENCONTRADO,NO ENCONTRADO,Punto de Cultura Comunitaria. Programación teatral no confirmada.
ESP-0048,Casa JOC Quisco,NO ENCONTRADO,el-quisco,El Quisco,san-antonio,NO ENCONTRADO,NO ENCONTRADO,Centro comunitario,NO ENCONTRADO,NO ENCONTRADO,NO ENCONTRADO,NO ENCONTRADO,NO ENCONTRADO,NO ENCONTRADO,NO ENCONTRADO,NO ENCONTRADO,NO ENCONTRADO,NO ENCONTRADO,NO ENCONTRADO,NO ENCONTRADO,NO ENCONTRADO,FUE-0088,PARCIAL,2026-09-08,2026-09-08,NO ENCONTRADO,NO ENCONTRADO,Punto de Cultura Comunitaria. Programación teatral no confirmada.
ESP-0049,Centro Cultural Atma,NO ENCONTRADO,san-felipe,San Felipe,san-felipe-de-aconcagua,NO ENCONTRADO,NO ENCONTRADO,Centro cultural,NO ENCONTRADO,NO ENCONTRADO,NO ENCONTRADO,NO ENCONTRADO,NO ENCONTRADO,NO ENCONTRADO,NO ENCONTRADO,NO ENCONTRADO,NO ENCONTRADO,NO ENCONTRADO,NO ENCONTRADO,NO ENCONTRADO,NO ENCONTRADO,FUE-0088,PARCIAL,2026-09-08,2026-09-08,NO ENCONTRADO,NO ENCONTRADO,Punto de Cultura Comunitaria. Programación teatral no confirmada.
ESP-0050,Centro Cultural y Deportivo MAJESTIK,NO ENCONTRADO,vina-del-mar,Viña del Mar,valparaiso,NO ENCONTRADO,NO ENCONTRADO,Centro cultural,NO ENCONTRADO,NO ENCONTRADO,NO ENCONTRADO,NO ENCONTRADO,NO ENCONTRADO,NO ENCONTRADO,NO ENCONTRADO,NO ENCONTRADO,NO ENCONTRADO,NO ENCONTRADO,NO ENCONTRADO,NO ENCONTRADO,NO ENCONTRADO,FUE-0088,PARCIAL,2026-09-08,2026-09-08,NO ENCONTRADO,NO ENCONTRADO,Punto de Cultura Comunitaria. Programación teatral no confirmada.
ESP-0051,Mikroespacio,Mikroespacio en Maestranza Barón | Organización Comunitaria Artística Cultural y Educacional Mikroespacio,valparaiso,Valparaíso,valparaiso,Cerro Barón (Maestranza Barón),NO ENCONTRADO,Espacio autogestionado,NO ENCONTRADO,NO ENCONTRADO,sí,COMP-0013,Centro de Investigación Teatro La Peste,NO ENCONTRADO,NO ENCONTRADO,NO ENCONTRADO,NO ENCONTRADO,NO ENCONTRADO,NO ENCONTRADO,NO ENCONTRADO,NO ENCONTRADO,FUE-0131 | FUE-0132,PARCIAL,2026-09-08,2026-09-08,NO ENCONTRADO,NO ENCONTRADO,"Sede de Ciudad Teatro 2025 ('Error', Teatro La Peste). Figura además como Punto de Cultura Comunitaria (organización)."
ESP-0052,Espacio Catarsis,NO ENCONTRADO,valparaiso,Valparaíso,valparaiso,NO ENCONTRADO,"Francia con Baquedano, Valparaíso",Espacio independiente,NO ENCONTRADO,NO ENCONTRADO,sí,COMP-0039,Cooperativa de Artes Escénicas de Valparaíso,NO ENCONTRADO,NO ENCONTRADO,NO ENCONTRADO,NO ENCONTRADO,NO ENCONTRADO,NO ENCONTRADO,NO ENCONTRADO,NO ENCONTRADO,FUE-0131 | FUE-0132,PARCIAL,2026-09-08,2026-09-08,NO ENCONTRADO,NO ENCONTRADO,Sede de Ciudad Teatro 2025. Posible mismo espacio que 'Espacio Katarcis Recuperado y Liberado' (Punto de Cultura Comunitaria): por confirmar antes de fusionar.
ESP-0053,Centro Cultural IPA,Sala IPA | Teatro Centro Cultural IPA | Sala de Teatro IPA,valparaiso,Valparaíso,valparaiso,NO ENCONTRADO,"Calle Condell, Valparaíso",Sala teatral,NO ENCONTRADO,NO ENCONTRADO,sí,COMP-0040 | COMP-0041 | COMP-0094,Astillero Teatro | Teatro ILUcIÓN | Colaboraciones en Distancia,NO ENCONTRADO,NO ENCONTRADO,NO ENCONTRADO,reservas.teatro.ipa@gmail.com,NO ENCONTRADO,NO ENCONTRADO,NO ENCONTRADO,NO ENCONTRADO,FUE-0131 | FUE-0133 | FUE-0132 | FUE-0136 | FUE-0175,PARCIAL,2026-09-08,2026-09-08,NO ENCONTRADO,"direccion: 'Calle Condell, Valparaíso' vs 'Condell 1349, Valparaíso'","Sede de Ciudad Teatro 2025 ('Hipodérmica', Astillero Teatro) y de 'Cuestión de Ubicación' (Teatro IluCión, 24 de septiembre de 2026, según Valpocultura). Sede de Ciudad Teatro 2026 ('Inextinguible'). 'Piaf en Rose' (11 de mayo de 2022, 19:00, con reserva por correo)."
ESP-0054,Centex — Centro de Extensión del Ministerio de las Culturas,CENTEX,valparaiso,Valparaíso,valparaiso,NO ENCONTRADO,NO ENCONTRADO,Centro cultural,NO ENCONTRADO,"público (Ministerio de las Culturas, las Artes y el Patrimonio)",sí,COMP-0041 | COMP-0119,Teatro ILUcIÓN | Soporte Corporal,NO ENCONTRADO,NO ENCONTRADO,NO ENCONTRADO,NO ENCONTRADO,NO ENCONTRADO,NO ENCONTRADO,NO ENCONTRADO,NO ENCONTRADO,FUE-0131 | FUE-0132 | FUE-0175 | FUE-0176 | FUE-0177 | FUE-0178,PARCIAL,2026-09-08,2026-09-08,NO ENCONTRADO,NO ENCONTRADO,"Organiza Ciudad Teatro (Mes del Teatro) y programó 'Anku' (Teatro ILUcIÓN) el 9 de mayo de 2025. Mes del Teatro 2022: 'Inusual… Mundo autista' (Soporte Corporal, 14 de mayo), conversatorio sobre Andrés Pérez (11 de mayo) y taller de commedia dell'arte 'Algarabía ciudadana' (16 y 18 de mayo)."
ESP-0055,CECO de Rodelillo,"Centro Comunitario Socio Cultural, Deportivo, Medio Ambiental de Rodelillo (CECO) | CECO Rodelillo",valparaiso,Valparaíso,valparaiso,Rodelillo,NO ENCONTRADO,Centro comunitario,NO ENCONTRADO,comunitario,sí,COMP-0044,Disparate Circo,NO ENCONTRADO,NO ENCONTRADO,NO ENCONTRADO,NO ENCONTRADO,NO ENCONTRADO,NO ENCONTRADO,NO ENCONTRADO,NO ENCONTRADO,FUE-0131 | FUE-0132,PARCIAL,2026-09-08,2026-09-08,NO ENCONTRADO,NO ENCONTRADO,Sede de Ciudad Teatro 2025 ('Disparate Circo Rock'). Punto de Cultura Comunitaria.
ESP-0056,Cancha Población Márquez,Cancha Población Márquez | Cancha Quebrada Márquez de Barrio Puerto,valparaiso,Valparaíso,valparaiso,Barrio Puerto,NO ENCONTRADO,Espacio no convencional,NO ENCONTRADO,NO ENCONTRADO,NO ENCONTRADO,COMP-0045,Teatro del Instinto,NO ENCONTRADO,NO ENCONTRADO,NO ENCONTRADO,NO ENCONTRADO,NO ENCONTRADO,NO ENCONTRADO,NO ENCONTRADO,NO ENCONTRADO,FUE-0131 | FUE-0132 | FUE-0175,PARCIAL,2026-09-08,2026-09-08,NO ENCONTRADO,nombre: 'Cancha Población Márquez' vs 'Cancha Quebrada Márquez',"Sede de Ciudad Teatro 2025 ('Extraño ser', Teatro del Instinto). 'En la puerta del horno se quema el pan' (Cooperativa Teatral Valparaíso, 19 de mayo de 2022, 18:30, gratuita)."
ESP-0057,Espacio La Madriguera,NO ENCONTRADO,valparaiso,Valparaíso,valparaiso,NO ENCONTRADO,"Washington 180, Valparaíso",Espacio independiente,NO ENCONTRADO,NO ENCONTRADO,sí,NO ENCONTRADO,NO ENCONTRADO,NO ENCONTRADO,NO ENCONTRADO,NO ENCONTRADO,NO ENCONTRADO,NO ENCONTRADO,NO ENCONTRADO,NO ENCONTRADO,NO ENCONTRADO,FUE-0134,PARCIAL,2026-09-08,2026-09-08,NO ENCONTRADO,NO ENCONTRADO,"Telón.cl registra una 'Trilogía de experiencias escénicas' (Despedida; Desvanecerse es poco; El desatino de la soledad) del 12 al 28 de abril, viernes a domingo 20:00; año no indicado en el índice."
ESP-0058,Centro de Extensión Duoc UC Valparaíso,Centro de Extensión Duoc UC,valparaiso,Valparaíso,valparaiso,NO ENCONTRADO,NO ENCONTRADO,Espacio universitario,NO ENCONTRADO,universitario,sí,NO ENCONTRADO,NO ENCONTRADO,NO ENCONTRADO,NO ENCONTRADO,NO ENCONTRADO,NO ENCONTRADO,NO ENCONTRADO,NO ENCONTRADO,NO ENCONTRADO,NO ENCONTRADO,FUE-0134,PARCIAL,2026-09-08,2026-09-08,NO ENCONTRADO,NO ENCONTRADO,"Telón.cl registra 'Papelucho casi, caaasi huérfano' (27 de enero, 12:00) y 'Hamlet deambula en círculos' (18 de enero, 19:00; dirección de Héctor Noguera); año no indicado en el índice."
ESP-0059,Teatro Municipal de Viña del Mar,NO ENCONTRADO,vina-del-mar,Viña del Mar,valparaiso,NO ENCONTRADO,"Plaza José Francisco Vergara s/n, Viña del Mar",Teatro,NO ENCONTRADO,municipal,sí,COMP-0077,Flamenco Triana,https://teatrovina.cl/,https://www.instagram.com/teatro.munivina/,NO ENCONTRADO,teatro.municipal@munivina.cl,+569 7386 7913,NO ENCONTRADO,NO ENCONTRADO,NO ENCONTRADO,FUE-0098 | FUE-0137 | FUE-0160 | FUE-0179 | FUE-0180,PARCIAL,2026-09-08,2026-09-08,NO ENCONTRADO,NO ENCONTRADO,"Equipamiento escenográfico financiado por el Fondo de Artes Escénicas 2025 (línea Espacios con Programación Permanente, $13.237.698, responsable: Municipalidad). Contacto institucional publicado en el sitio oficial. Programación de septiembre de 2026 incluye circo ('Koreto, la magia continúa', 1 de septiembre) y danza ('Voces', BANCH, 12 de septiembre); la mayoría de las funciones son gratuitas con inscripción previa. Capacidad no publicada. 'El Húsar de la Muerte' (La Patogallina, compañía de Santiago) el 30 de septiembre de 2025, con público del Taller Municipal de Teatro de Quillota. Enero 2026: Teatro a Mil ('Mr. Bo', Marie de Jongh, España, 18 de enero; 'El encanto del marioneta oriental', Compañía de títeres de Rugao, China, 27 de enero) y 'Historia de amor para un alma vieja' (Santiago Off, 31 de enero), gratuitas con inscripción; temporada 2026 con más de 60 espectáculos."
ESP-0060,Teatro Municipal de Valparaíso,NO ENCONTRADO,valparaiso,Valparaíso,valparaiso,NO ENCONTRADO,NO ENCONTRADO,Teatro,NO ENCONTRADO,municipal,sí,COMP-0076,Julieta y Compañía,NO ENCONTRADO,NO ENCONTRADO,NO ENCONTRADO,NO ENCONTRADO,NO ENCONTRADO,NO ENCONTRADO,NO ENCONTRADO,NO ENCONTRADO,FUE-0117 | FUE-0094 | FUE-0172,PARCIAL,2026-09-08,2026-09-08,NO ENCONTRADO,NO ENCONTRADO,"Fortalecimiento de iluminación (Fondo de Artes Escénicas 2023, $14.895.927) y optimización técnica (2026, $14.378.380), responsable I. Municipalidad de Valparaíso. 'El tiempo no espera' (7 de agosto de 2025, 16:30, entrada liberada)."
ESP-0061,Teatro Municipal de Casablanca,NO ENCONTRADO,casablanca,Casablanca,valparaiso,NO ENCONTRADO,NO ENCONTRADO,Teatro,NO ENCONTRADO,municipal,sí,NO ENCONTRADO,NO ENCONTRADO,NO ENCONTRADO,NO ENCONTRADO,NO ENCONTRADO,NO ENCONTRADO,NO ENCONTRADO,NO ENCONTRADO,NO ENCONTRADO,NO ENCONTRADO,FUE-0117 | FUE-0168,PARCIAL,2026-09-08,2026-09-08,NO ENCONTRADO,NO ENCONTRADO,"Proyecto 'Celebrando 20 años del Teatro Municipal de Casablanca' (Fondo de Artes Escénicas 2023, $13.160.109, I. Municipalidad de Casablanca): el teatro cumplía 20 años hacia 2023. Sede de Teatro a Mil 2025: 'El brote' (17 de enero, 20:00) y 'La historia del Ramayana' (21 de enero, 20:00), gratuitas."
ESP-0062,Teatro Municipal de San Felipe,NO ENCONTRADO,san-felipe,San Felipe,san-felipe-de-aconcagua,NO ENCONTRADO,"Arturo Prat 1111, San Felipe",Teatro,NO ENCONTRADO,municipal,sí,NO ENCONTRADO,NO ENCONTRADO,NO ENCONTRADO,https://www.instagram.com/teatromunisanfelipe/,NO ENCONTRADO,NO ENCONTRADO,NO ENCONTRADO,NO ENCONTRADO,NO ENCONTRADO,NO ENCONTRADO,FUE-0117 | FUE-0163 | FUE-0164 | FUE-0166 | FUE-0165 | FUE-0170 | FUE-0176 | FUE-0177 | FUE-0178,PARCIAL,2026-09-08,2026-09-08,NO ENCONTRADO,"direccion: 'Arturo Prat 1111, San Felipe' vs 'Salinas 1211, San Felipe'","Adquisición de consola de sonido (Fondo de Artes Escénicas 2023, $14.095.501, I. Municipalidad de San Felipe). Director del teatro: Francisco Alarcón (2018 y 2026). Programación gratuita en vacaciones de invierno 2026 (cine, magia, música y la obra infantil 'Planeta Alegría' de Zeta Producciones, 26 de junio de 2026, 17:30). Capacidad no publicada. Dirección según directorio turístico valparaisoregion.org (difiere de la prensa local); por verificar en terreno o sitio municipal. Ciclo 'Teatro Infantil' el último sábado de cada mes (2022), entrada liberada. Sede de extensión del Festival Síntesis Teatral 2019."
ESP-0063,Sala Obra Gruesa — Espacio La Compañía,Sala Obra Gruesa | Espacio La Compañía,NO ENCONTRADO,NO ENCONTRADO,NO ENCONTRADO,NO ENCONTRADO,NO ENCONTRADO,Sala teatral,NO ENCONTRADO,NO ENCONTRADO,NO ENCONTRADO,NO ENCONTRADO,NO ENCONTRADO,NO ENCONTRADO,NO ENCONTRADO,NO ENCONTRADO,NO ENCONTRADO,NO ENCONTRADO,NO ENCONTRADO,NO ENCONTRADO,NO ENCONTRADO,FUE-0115,DESCUBIERTO,2026-09-08,2026-09-08,NO ENCONTRADO,NO ENCONTRADO,"'Recuperación e implementación sala Obra Gruesa de Espacio La Compañía' (Fondart Nacional 2024, $18.426.619, Puka Patrimonio y Arquitectura SpA, Región de Valparaíso). Comuna no indicada."
ESP-0064,Valparaíso Profundo,NO ENCONTRADO,valparaiso,Valparaíso,valparaiso,Cerro Concepción,"Pasaje Fischer 24, Cerro Concepción, Valparaíso",Espacio independiente,NO ENCONTRADO,NO ENCONTRADO,sí,COMP-0091 | COMP-0076,Colectivx Escénicx Urgente Delirio | Julieta y Compañía,NO ENCONTRADO,NO ENCONTRADO,NO ENCONTRADO,NO ENCONTRADO,NO ENCONTRADO,NO ENCONTRADO,NO ENCONTRADO,NO ENCONTRADO,FUE-0136 | FUE-0171,PARCIAL,2026-09-08,2026-09-08,NO ENCONTRADO,NO ENCONTRADO,Sede de Ciudad Teatro 2026 ('Prácticas para un mal dormir'). 'El Tiempo No Espera' (28 de junio de 2025).
ESP-0065,Mercado Puerto,NO ENCONTRADO,valparaiso,Valparaíso,valparaiso,Barrio Puerto,"Cochrane 117, Valparaíso",Espacio no convencional,NO ENCONTRADO,NO ENCONTRADO,NO ENCONTRADO,COMP-0092,MikroEspacio Creativo,NO ENCONTRADO,NO ENCONTRADO,NO ENCONTRADO,NO ENCONTRADO,NO ENCONTRADO,NO ENCONTRADO,NO ENCONTRADO,NO ENCONTRADO,FUE-0136,PARCIAL,2026-09-08,2026-09-08,NO ENCONTRADO,NO ENCONTRADO,Sede de Ciudad Teatro 2026 ('Tertulias para tomar té…').
ESP-0066,Liceo Pedro Montt,NO ENCONTRADO,valparaiso,Valparaíso,valparaiso,NO ENCONTRADO,"Avenida Alemania 5196, Valparaíso",Espacio no convencional,NO ENCONTRADO,NO ENCONTRADO,NO ENCONTRADO,COMP-0054,Organización Comunitaria Artística Cultural y Deportiva La Coraje,NO ENCONTRADO,NO ENCONTRADO,NO ENCONTRADO,NO ENCONTRADO,NO ENCONTRADO,NO ENCONTRADO,NO ENCONTRADO,NO ENCONTRADO,FUE-0136,PARCIAL,2026-09-08,2026-09-08,NO ENCONTRADO,NO ENCONTRADO,"Establecimiento educacional; sede de Ciudad Teatro 2026 ('Imaginaria', La Coraje)."
ESP-0067,Espacio Comunitario Santa Ana,Corporación de Desarrollo Cultural y Social Capilla Santa Ana del Cerro Cordillera | Capilla Santa Ana,valparaiso,Valparaíso,valparaiso,Cerro Cordillera,"Calle Balmes 114, Valparaíso",Centro comunitario,NO ENCONTRADO,comunitario,NO ENCONTRADO,COMP-0041,Teatro ILUcIÓN,NO ENCONTRADO,NO ENCONTRADO,NO ENCONTRADO,NO ENCONTRADO,NO ENCONTRADO,NO ENCONTRADO,NO ENCONTRADO,NO ENCONTRADO,FUE-0136,PARCIAL,2026-09-08,2026-09-08,NO ENCONTRADO,NO ENCONTRADO,"Sede de Ciudad Teatro 2026 ('Caleu', Teatro Escuela IluCión). Posible relación con el Punto de Cultura 'Capilla Santa Ana del Cerro Cordillera'; por confirmar."
ESP-0068,CEAC,NO ENCONTRADO,valparaiso,Valparaíso,valparaiso,NO ENCONTRADO,"Cochrane 440, Valparaíso",NO ENCONTRADO,NO ENCONTRADO,NO ENCONTRADO,NO ENCONTRADO,COMP-0093,Espacio Ané,NO ENCONTRADO,NO ENCONTRADO,NO ENCONTRADO,NO ENCONTRADO,NO ENCONTRADO,NO ENCONTRADO,NO ENCONTRADO,NO ENCONTRADO,FUE-0136,PARCIAL,2026-09-08,2026-09-08,NO ENCONTRADO,NO ENCONTRADO,"Sede de Ciudad Teatro 2026 ('Esto es un teatro', Espacio Ané). Sigla no desarrollada en la fuente; tipo por confirmar."
ESP-0069,Sala de Artes Escénicas Rodelillo,NO ENCONTRADO,valparaiso,Valparaíso,valparaiso,"Rodelillo, Cerro Barón","Av. Rodelillo 2277, Cerro Barón, Valparaíso",Sala teatral,NO ENCONTRADO,NO ENCONTRADO,sí,COMP-0095,Compañía En Paños Menores,NO ENCONTRADO,NO ENCONTRADO,NO ENCONTRADO,NO ENCONTRADO,NO ENCONTRADO,NO ENCONTRADO,NO ENCONTRADO,NO ENCONTRADO,FUE-0136,PARCIAL,2026-09-08,2026-09-08,NO ENCONTRADO,NO ENCONTRADO,"Sede de Ciudad Teatro 2026 ('Intoxicadas', 23 y 24 de mayo)."
ESP-0070,Casa Centro de Investigación Teatro La Peste,Casa Teatro La Peste,valparaiso,Valparaíso,valparaiso,Cerro La Loma,"Pasaje Camila 62, Cerro La Loma, Valparaíso",Espacio independiente,NO ENCONTRADO,independiente,sí,COMP-0013 | COMP-0042,Centro de Investigación Teatro La Peste | Teatro Desastre,NO ENCONTRADO,NO ENCONTRADO,NO ENCONTRADO,NO ENCONTRADO,NO ENCONTRADO,NO ENCONTRADO,NO ENCONTRADO,NO ENCONTRADO,FUE-0136,PARCIAL,2026-09-08,2026-09-08,NO ENCONTRADO,NO ENCONTRADO,Sede de la compañía Teatro La Peste; acogió la lectura dramatizada 'Casa' (Teatro Desastre) el 21 de mayo de 2026.
ESP-0071,Centro Cultural de La Calera,NO ENCONTRADO,la-calera,La Calera,quillota,NO ENCONTRADO,"Av. Latorre 180, La Calera",Centro cultural,NO ENCONTRADO,NO ENCONTRADO,sí,COMP-0097,Compañía de Teatro Experimental La Sutil,NO ENCONTRADO,NO ENCONTRADO,NO ENCONTRADO,NO ENCONTRADO,NO ENCONTRADO,NO ENCONTRADO,NO ENCONTRADO,NO ENCONTRADO,FUE-0140,PARCIAL,2026-09-08,2026-09-08,NO ENCONTRADO,NO ENCONTRADO,"Sede de Puntos de Fuga el 5 de septiembre de 2026 (17:00, entrada liberada) con teatro de La Sutil (Papudo). Administración no indicada (la Orquesta Municipal de La Calera fue anfitriona)."
ESP-0072,Teatro Municipal de Cabildo,NO ENCONTRADO,cabildo,Cabildo,petorca,NO ENCONTRADO,"Calle Lautaro esquina Ignacio Carrera Pinto, Cabildo",Teatro,350,"municipal (Unidad de Deportes, Turismo, Cultura y Recreación)",sí,NO ENCONTRADO,NO ENCONTRADO,NO ENCONTRADO,NO ENCONTRADO,NO ENCONTRADO,NO ENCONTRADO,+56 33 2762100,NO ENCONTRADO,NO ENCONTRADO,NO ENCONTRADO,FUE-0148,PARCIAL,2026-09-08,2026-09-08,NO ENCONTRADO,NO ENCONTRADO,"Origen como cine en los años 1920; edificio actual construido en 1956 en calle Lautaro. Escenario de madera de 10 x 7 m, iluminación y sonido profesionales, proyección de cine, camarines. Acoge presentaciones comunitarias y escolares, obras de teatro, bandas y grupos folclóricos; recibe apoyo del Ministerio de las Culturas para presentaciones nacionales."
ESP-0073,Teatro de Zapallar,Teatro Zapallar,zapallar,Zapallar,petorca,NO ENCONTRADO,NO ENCONTRADO,Espacio patrimonial,NO ENCONTRADO,Fundación Municipal de Cultura de Zapallar,NO ENCONTRADO,NO ENCONTRADO,NO ENCONTRADO,NO ENCONTRADO,https://www.instagram.com/tz_galeria_zapallar/,NO ENCONTRADO,NO ENCONTRADO,NO ENCONTRADO,NO ENCONTRADO,NO ENCONTRADO,NO ENCONTRADO,FUE-0149 | FUE-0150,PARCIAL,2026-09-08,2026-09-08,NO ENCONTRADO,NO ENCONTRADO,"Antigua primera iglesia de Zapallar, hoy teatro y galería; sede de la Quincena Cultural 'Culto' (8ª edición, dic. 2023–ene. 2024) con exposiciones y performances de danza. Programación teatral no confirmada."
ESP-0074,Galpón del Parque Municipal de Putaendo,NO ENCONTRADO,putaendo,Putaendo,san-felipe-de-aconcagua,NO ENCONTRADO,NO ENCONTRADO,Espacio no convencional,NO ENCONTRADO,municipal,NO ENCONTRADO,NO ENCONTRADO,NO ENCONTRADO,NO ENCONTRADO,NO ENCONTRADO,NO ENCONTRADO,NO ENCONTRADO,NO ENCONTRADO,NO ENCONTRADO,NO ENCONTRADO,NO ENCONTRADO,FUE-0147,PARCIAL,2026-09-08,2026-09-08,NO ENCONTRADO,NO ENCONTRADO,Sede del primer Festival Estudiantil de Teatro FESTIGOC (28 y 29 de agosto de 2024).
ESP-0075,Escuela María Leiva de Las Coimas,NO ENCONTRADO,putaendo,Putaendo,san-felipe-de-aconcagua,Las Coimas,NO ENCONTRADO,Espacio no convencional,NO ENCONTRADO,NO ENCONTRADO,NO ENCONTRADO,COMP-0087,Compañía Moviendo Hilos,NO ENCONTRADO,NO ENCONTRADO,NO ENCONTRADO,NO ENCONTRADO,NO ENCONTRADO,NO ENCONTRADO,NO ENCONTRADO,NO ENCONTRADO,FUE-0146,PARCIAL,2026-09-08,2026-09-08,NO ENCONTRADO,NO ENCONTRADO,Establecimiento educacional; función de 'La Plaza' (Moviendo Hilos) el 12 de marzo de 2021 en itinerancia regional.
ESP-0076,Casino de funcionarios de la Biblioteca Municipal de Quintero,NO ENCONTRADO,quintero,Quintero,valparaiso,NO ENCONTRADO,NO ENCONTRADO,Espacio no convencional,NO ENCONTRADO,municipal,NO ENCONTRADO,COMP-0100,Abisal,NO ENCONTRADO,NO ENCONTRADO,NO ENCONTRADO,NO ENCONTRADO,NO ENCONTRADO,NO ENCONTRADO,NO ENCONTRADO,NO ENCONTRADO,FUE-0144,PARCIAL,2026-09-08,2026-09-08,NO ENCONTRADO,NO ENCONTRADO,"Función gratuita de 'Terrapolis' el 2 de agosto de 2025, 18:00."
ESP-0077,Gimnasio Municipal de Puchuncaví,NO ENCONTRADO,puchuncavi,Puchuncaví,valparaiso,NO ENCONTRADO,NO ENCONTRADO,Espacio no convencional,NO ENCONTRADO,municipal,NO ENCONTRADO,NO ENCONTRADO,NO ENCONTRADO,NO ENCONTRADO,NO ENCONTRADO,NO ENCONTRADO,NO ENCONTRADO,NO ENCONTRADO,NO ENCONTRADO,NO ENCONTRADO,NO ENCONTRADO,FUE-0141,PARCIAL,2026-09-08,2026-09-08,NO ENCONTRADO,NO ENCONTRADO,Función de 'La Mariita' (Puquigre) un 10 de junio (año no indicado en la nota).
ESP-0078,Sede Caracol de Horcón,NO ENCONTRADO,puchuncavi,Puchuncaví,valparaiso,Horcón,NO ENCONTRADO,Espacio no convencional,NO ENCONTRADO,NO ENCONTRADO,NO ENCONTRADO,NO ENCONTRADO,NO ENCONTRADO,NO ENCONTRADO,NO ENCONTRADO,NO ENCONTRADO,NO ENCONTRADO,NO ENCONTRADO,NO ENCONTRADO,NO ENCONTRADO,NO ENCONTRADO,FUE-0141,PARCIAL,2026-09-08,2026-09-08,NO ENCONTRADO,NO ENCONTRADO,Función de 'La Mariita' (Puquigre) un sábado 1 de julio a las 19:00 (año no indicado en la nota).
ESP-0079,Colegio Canadá de Quillota,NO ENCONTRADO,quillota,Quillota,quillota,NO ENCONTRADO,NO ENCONTRADO,Espacio no convencional,NO ENCONTRADO,NO ENCONTRADO,NO ENCONTRADO,NO ENCONTRADO,NO ENCONTRADO,NO ENCONTRADO,NO ENCONTRADO,NO ENCONTRADO,NO ENCONTRADO,NO ENCONTRADO,NO ENCONTRADO,NO ENCONTRADO,NO ENCONTRADO,FUE-0159,PARCIAL,2026-09-08,2026-09-08,NO ENCONTRADO,NO ENCONTRADO,Función escolar de 'El motín contra Portales' (14 de julio de 2025).
ESP-0080,Gimnasio del Colegio María Auxiliadora de Los Andes,NO ENCONTRADO,los-andes,Los Andes,los-andes,NO ENCONTRADO,NO ENCONTRADO,Espacio no convencional,NO ENCONTRADO,NO ENCONTRADO,NO ENCONTRADO,NO ENCONTRADO,NO ENCONTRADO,NO ENCONTRADO,NO ENCONTRADO,NO ENCONTRADO,NO ENCONTRADO,NO ENCONTRADO,NO ENCONTRADO,NO ENCONTRADO,NO ENCONTRADO,FUE-0159,PARCIAL,2026-09-08,2026-09-08,NO ENCONTRADO,NO ENCONTRADO,Sede del XXI Festival Nacional de Danza de Los Andes (18–20 de julio de 2025).
ESP-0081,Junta de Vecinos San Juan de Llolleo,NO ENCONTRADO,san-antonio,San Antonio,san-antonio,Llolleo,NO ENCONTRADO,Espacio no convencional,NO ENCONTRADO,comunitario,NO ENCONTRADO,COMP-0113,Saltimbanqui Circus,NO ENCONTRADO,NO ENCONTRADO,NO ENCONTRADO,NO ENCONTRADO,NO ENCONTRADO,NO ENCONTRADO,NO ENCONTRADO,NO ENCONTRADO,FUE-0063 | FUE-0167,PARCIAL,2026-09-08,2026-09-08,NO ENCONTRADO,NO ENCONTRADO,"Sede de Saltimbanqui Circus en el Festival Litoral Teatral 2026 (26 de abril, 17:00 y 19:00)."
ESP-0082,Centro Cultural de Casablanca,NO ENCONTRADO,casablanca,Casablanca,valparaiso,NO ENCONTRADO,NO ENCONTRADO,Centro cultural,NO ENCONTRADO,municipal,NO ENCONTRADO,NO ENCONTRADO,NO ENCONTRADO,NO ENCONTRADO,NO ENCONTRADO,NO ENCONTRADO,NO ENCONTRADO,NO ENCONTRADO,NO ENCONTRADO,NO ENCONTRADO,NO ENCONTRADO,FUE-0168,PARCIAL,2026-09-08,2026-09-08,NO ENCONTRADO,NO ENCONTRADO,"Su frontis acogió 'Amal en Casablanca' (The Walk Productions y Handspring Puppet Company, 20 de enero de 2025, 19:30)."
ESP-0083,Patio de los Copihues — Iglesia Nuestra Señora de Las Mercedes,NO ENCONTRADO,concon,Concón,valparaiso,NO ENCONTRADO,"Av. Marotto 950, Concón",Espacio no convencional,NO ENCONTRADO,NO ENCONTRADO,NO ENCONTRADO,COMP-0120,Ucronia Teatral,NO ENCONTRADO,NO ENCONTRADO,NO ENCONTRADO,NO ENCONTRADO,NO ENCONTRADO,NO ENCONTRADO,NO ENCONTRADO,NO ENCONTRADO,FUE-0173,DESCUBIERTO,2026-09-08,2026-09-08,NO ENCONTRADO,NO ENCONTRADO,Sede de 'Concón el Regreso' (Ucronia Teatral).
ESP-0084,Antiguo Teatro Municipal de Quillota (ex Cine Diego Portales),Ex Cine Diego Portales,quillota,Quillota,quillota,NO ENCONTRADO,NO ENCONTRADO,Teatro,NO ENCONTRADO,NO ENCONTRADO,NO ENCONTRADO,NO ENCONTRADO,NO ENCONTRADO,NO ENCONTRADO,NO ENCONTRADO,NO ENCONTRADO,NO ENCONTRADO,NO ENCONTRADO,NO ENCONTRADO,NO ENCONTRADO,NO ENCONTRADO,FUE-0174,DESCUBIERTO,2026-09-08,2026-09-08,NO ENCONTRADO,NO ENCONTRADO,Espacio histórico citado en la memoria teatral quillotana; estado actual no indicado.
ESP-0085,Salón Escuela Artística Roberto Matta de Quillota,NO ENCONTRADO,quillota,Quillota,quillota,NO ENCONTRADO,NO ENCONTRADO,Espacio no convencional,NO ENCONTRADO,NO ENCONTRADO,NO ENCONTRADO,NO ENCONTRADO,NO ENCONTRADO,NO ENCONTRADO,NO ENCONTRADO,NO ENCONTRADO,NO ENCONTRADO,NO ENCONTRADO,NO ENCONTRADO,NO ENCONTRADO,NO ENCONTRADO,FUE-0174,DESCUBIERTO,2026-09-08,2026-09-08,NO ENCONTRADO,NO ENCONTRADO,Espacio de funciones citado en la memoria teatral quillotana (2019).
ESP-0086,Centro de Promoción de la Cultura de Quillota,NO ENCONTRADO,quillota,Quillota,quillota,NO ENCONTRADO,NO ENCONTRADO,Centro cultural,NO ENCONTRADO,NO ENCONTRADO,NO ENCONTRADO,NO ENCONTRADO,NO ENCONTRADO,NO ENCONTRADO,NO ENCONTRADO,NO ENCONTRADO,NO ENCONTRADO,NO ENCONTRADO,NO ENCONTRADO,NO ENCONTRADO,NO ENCONTRADO,FUE-0174,DESCUBIERTO,2026-09-08,2026-09-08,NO ENCONTRADO,NO ENCONTRADO,Espacio citado en la memoria teatral quillotana (2019).
ESP-0087,Cancha Quebrada Márquez,NO ENCONTRADO,NO ENCONTRADO,NO ENCONTRADO,NO ENCONTRADO,NO ENCONTRADO,NO ENCONTRADO,NO ENCONTRADO,NO ENCONTRADO,NO ENCONTRADO,NO ENCONTRADO,COMP-0039,Cooperativa de Artes Escénicas de Valparaíso,NO ENCONTRADO,NO ENCONTRADO,NO ENCONTRADO,NO ENCONTRADO,NO ENCONTRADO,NO ENCONTRADO,NO ENCONTRADO,NO ENCONTRADO,FUE-0175,DESCUBIERTO,2026-09-08,2026-09-08,NO ENCONTRADO,NO ENCONTRADO,Creado por referencia desde FES-0047.
ESP-0088,Casa OANI,NO ENCONTRADO,valparaiso,Valparaíso,valparaiso,Cerro Cárcel,"Lo Venegas 489, Cerro Cárcel, Valparaíso",Espacio independiente,NO ENCONTRADO,independiente (Fundación OANI de Teatro),sí,COMP-0008,Fundación OANI de Teatro,https://oaniteatro.com/,NO ENCONTRADO,NO ENCONTRADO,NO ENCONTRADO,NO ENCONTRADO,NO ENCONTRADO,NO ENCONTRADO,NO ENCONTRADO,FUE-0030,PARCIAL,2026-09-08,2026-09-08,NO ENCONTRADO,NO ENCONTRADO,Sede de OANI Teatro y de FESTILAMBE.
ESP-0089,Fundo San Jorge,NO ENCONTRADO,quilpue,Quilpué,marga-marga,NO ENCONTRADO,NO ENCONTRADO,Espacio no convencional,NO ENCONTRADO,NO ENCONTRADO,NO ENCONTRADO,NO ENCONTRADO,NO ENCONTRADO,NO ENCONTRADO,NO ENCONTRADO,NO ENCONTRADO,NO ENCONTRADO,NO ENCONTRADO,NO ENCONTRADO,NO ENCONTRADO,NO ENCONTRADO,FUE-0176 | FUE-0177 | FUE-0178,PARCIAL,2026-09-08,2026-09-08,NO ENCONTRADO,NO ENCONTRADO,Sede de extensión del Festival Síntesis Teatral 2019 en Quilpué.
