id,nombre,alias,comuna,comuna_nombre,provincia,anio_creacion,periodicidad,organizacion,espacios,espacios_nombre,companias,companias_nombre,obras,obras_nombre,numero_versiones,fechas,web,instagram,facebook,descripcion,fuentes,estado,fecha_descubrimiento,fecha_ultima_verificacion,duplicado_de,contradicciones,notas
FES-0001,II Festival Caleta de Títeres,NO ENCONTRADO,NO ENCONTRADO,NO ENCONTRADO,NO ENCONTRADO,NO ENCONTRADO,NO ENCONTRADO,"Asamblea Titiritera ATTICH V, Fundación TeatroMuseo del Títere y el Payaso, Empresa Portuaria Valparaíso, Centex y Seremi de las Culturas, las Artes y el Patrimonio",NO ENCONTRADO,NO ENCONTRADO,NO ENCONTRADO,NO ENCONTRADO,NO ENCONTRADO,NO ENCONTRADO,NO ENCONTRADO,2026-03-22,NO ENCONTRADO,NO ENCONTRADO,NO ENCONTRADO,"Segunda edición del Festival Caleta de Títeres, que celebra el Día Mundial del Títere y la Marioneta (21 de marzo) transformando el Muelle Prat de Valparaíso en escenario. Programa más de quince números de títeres y marionetas, exhibición de marionetas gigantes y un especial de Teatro Lambe-Lambe desde las 13:00 horas, con reconocimiento a personalidades del oficio. Entre las 17:00 y las 18:15 horas se realizan cuatro funciones a bordo de lanchas en la bahía. Compañías y obras mencionadas: Talán-Talán, Compañía Terrestre, Lorenzo Títeres, Compañía La Bululú y Compañía La Barconeta; obras ""Olvídame"", ""Océano Pacífico"", ""El Gato Aníbal"" y ""Las Cantoras del Puerto"". Requiere inscripción previa mediante formulario del Ministerio de las Culturas.",FUE-0060 | FUE-0017 | FUE-0061,DUPLICADO,2026-09-08,2026-09-08,FES-0008,NO ENCONTRADO,Importado de data/events/festival-caleta-de-titeres-2026.json (score 85).
FES-0002,Festival Litoral Teatral,Litoral Cultural — Festival de las Artes Escénicas en San Antonio,san-antonio,San Antonio,san-antonio,NO ENCONTRADO,NO ENCONTRADO,Centro Cultural San Antonio (Ilustre Municipalidad de San Antonio),ESP-0002 | ESP-0081,Centro Cultural San Antonio | Junta de Vecinos San Juan de Llolleo,COMP-0068 | COMP-0110 | COMP-0044 | COMP-0111 | COMP-0050 | COMP-0112 | COMP-0039 | COMP-0113 | COMP-0114,Fundación Teatromuseo del Títere y el Payaso | Carro Nómade | Disparate Circo | Compañía Oreja Roja | Colectivo interdisciplinario Musgo | Compañía Aranwa | Cooperativa de Artes Escénicas de Valparaíso | Saltimbanqui Circus | Teatro El Ojo,NO ENCONTRADO,NO ENCONTRADO,NO ENCONTRADO,2026-04-12 | 2024-01-10/2024-01-21 | 2026-04-12/2026-04-26,https://centrocultural.sanantonio.cl/,NO ENCONTRADO,NO ENCONTRADO,"Décima edición del Festival Litoral Teatral, a diez años de su primera versión en 2016 (con receso por la pandemia). Programación gratuita de teatro, danza, circo y teatro de máscaras en la Sala Civita Aranda del Centro Cultural San Antonio y en distintos puntos de la comuna, con funciones especiales para estudiantes y foco en la circulación de compañías de la Región de Valparaíso. Participaron 13 compañías con 12 espectáculos, entre ellas Teatro Imagen (""La Reina Isabel cantaba rancheras"", obra inaugural), Circo Ancestral (""La nave de los locos y LocOnas"", dirección de Andrés Del Bosque), Cooperativa Teatral de Valparaíso (""La Tendalá""), Ensamble Vocal Comunitario (""Monumentos""), Saltimbanqui Circus y Teatro El Ojo (""La remolienda"", obra de cierre). Financiado por el Fondo de Artes Escénicas del Ministerio de las Culturas, las Artes y el Patrimonio (convocatoria 2025).",FUE-0062 | FUE-0063 | FUE-0064 | FUE-0065 | FUE-0095 | FUE-0167,VERIFICADO,2026-09-08,2026-09-08,NO ENCONTRADO,organizacion: 'Centro Cultural San Antonio (Ilustre Municipalidad de San Antonio)' vs 'Corporación Municipal de la Cultura y las Artes de San Antonio'; organizacion: 'Centro Cultural San Antonio (Ilustre Municipalidad de San Antonio)' vs 'Centro Cultural San Antonio',"Importado de data/events/festival-litoral-teatral-2026.json (score 82). 'Litoral Cultural 2026. Festival de las Artes Escénicas en San Antonio' (Festivales y Encuentros Regionales 2026, $29.933.896, Corporación Municipal de la Cultura y las Artes de San Antonio): probablemente el proyecto que financió la edición 2026 del Festival Litoral Teatral; por confirmar. 2024 (10–21 de enero): 'El carnaval de la alegría' (pasacalle, Fundación Teatromuseo del Títere y el Payaso), 'El monólogo de un árbol' (Carro Nómade), 'Tripulación Paraíso' (Disparate Circo), 'Cartas para que no me olvides' (Compañía Oreja Roja), 'Voces por la memoria' (Ensamble Vocal Comunitario, dir. Diego Belmar), 'En bañador' (Compañía Aranwa), 'Historia de amor para un alma vieja' (Felipe Zambrano Miguieles), 'Perfectos Desconocidos' (compañía no indicada). 2026: 13 compañías y 12 espectáculos; nombradas Teatro Imagen ('La Reina Isabel cantaba rancheras', dir. Gustavo Meza, compañía nacional), Cooperativa Teatral de Valparaíso ('La Tendalá', 19 de abril, 18:00), Ensamble Vocal Comunitario ('Monumentos', 25 de abril, 19:00), Saltimbanqui Circus (26 de abril, 17:00 y 19:00, JJVV San Juan de Llolleo) y Teatro El Ojo ('La remolienda', cierre)."
FES-0003,VIII Festival Teatro Container,VIII Festival Teatro Container | IX Festival Teatro Container,valparaiso,Valparaíso,valparaiso,NO ENCONTRADO,NO ENCONTRADO,"Centro Cultural Teatro Container (CCTC), con apoyo de Paisaje Público e Iberescena",NO ENCONTRADO,NO ENCONTRADO,COMP-0052,Centro Cultural Teatro Container,NO ENCONTRADO,NO ENCONTRADO,9,2024-11-21 | 2024 | 2026,https://festivalteatrocontainer.cl/,NO ENCONTRADO,NO ENCONTRADO,"Octava edición del Festival Teatro Container, con el lema ""Practicar la calle"", tras dieciséis años de historia del Centro Cultural Teatro Container (CCTC, fundado en 2008) y el regreso del festival después de cuatro años sin realizarse. Organizado en dos líneas, ""Intimidad"" (dentro del contenedor) y ""Ciudad"" (espacio público), con el contenedor ""Cocina Pública"" recorriendo distintos puntos de Valparaíso. Según su director, Nicolás Eyzaguirre, esta edición se realizó ""sin haber obtenido fondos concursables ni otras fuentes de financiamiento"", sostenida en la solidaridad y el apoyo mutuo. Compañías y obras participantes: Cía. Ensamble Específico (""Un artista del hambre""), Andrea Paz & Silere Arts (""Proyecto X""), Rodrigo Chaverini (""Frames""), Oani Teatro (""Trilogía de Valparaíso""), Alumbra Creando (cuentacuentos), Festín de la Risa (clown) y Paula Sacur (""Costa Marfil"").",FUE-0066 | FUE-0067 | FUE-0068 | FUE-0095,VERIFICADO,2026-09-08,2026-09-08,NO ENCONTRADO,"nombre: 'VIII Festival Teatro Container' vs 'Festival Teatro Container'; organizacion: 'Centro Cultural Teatro Container (CCTC), con apoyo de Paisaje Público e Iberescena' vs 'Centro Cultural Teatro Container'",Importado de data/events/festival-teatro-container-2024.json (score 78). IX Festival Teatro Container 2026 seleccionado en Festivales y Encuentros Nacionales ($55.000.000).
FES-0004,IV Festival Ventolera: Títeres en Primavera,NO ENCONTRADO,NO ENCONTRADO,NO ENCONTRADO,NO ENCONTRADO,NO ENCONTRADO,NO ENCONTRADO,"Asamblea Titiritera ATTICH V, junto a la Seremi de las Culturas, la Municipalidad de Valparaíso y el Centro Comunitario Las Cañas",NO ENCONTRADO,NO ENCONTRADO,NO ENCONTRADO,NO ENCONTRADO,NO ENCONTRADO,NO ENCONTRADO,NO ENCONTRADO,2024-10-20,NO ENCONTRADO,NO ENCONTRADO,NO ENCONTRADO,"Cuarta edición del Festival Ventolera, orientado a promover la creación, producción, exhibición y circulación de obras de titiriteros y marionetistas del territorio regional. Incluyó un taller de construcción de títeres de boca a cargo de Giovanni Vaccaro (15:00 horas, materiales gratuitos) y funciones desde las 16:00 horas de compañías de la Región de Valparaíso y una invitada de La Serena. Compañías participantes: Gabisha Títeres, Nina Títeres y Cuentacuentos, Compañía Moviendo Hilos, Compañía Capuchina, Compañía Vilkún de Marionetas, Títeres Helecho Marionatas, Compañía Correquetepillo, Titiricaos e Ingrid Vergara (La Serena, fuera de la región).",FUE-0069 | FUE-0015,VERIFICADO,2026-09-08,2026-09-08,NO ENCONTRADO,NO ENCONTRADO,Importado de data/events/festival-ventolera-2024.json (score 75).
FES-0005,Puerto a Puerta Valparaíso,NO ENCONTRADO,NO ENCONTRADO,NO ENCONTRADO,NO ENCONTRADO,NO ENCONTRADO,NO ENCONTRADO,"Centro Cultural Teatro Container y Fundación OANI de Teatro (coproducción), con financiamiento de la Seremi de las Culturas, las Artes y el Patrimonio",NO ENCONTRADO,NO ENCONTRADO,NO ENCONTRADO,NO ENCONTRADO,NO ENCONTRADO,NO ENCONTRADO,NO ENCONTRADO,2024-12-01,https://oaniteatro.com/puerto-a-puerta-valparaiso/,NO ENCONTRADO,NO ENCONTRADO,"Itinerancia de un contenedor marítimo transformado en cocina y escenario que recorre las calles de Valparaíso para ""reivindicar el espacio público"" con teatro, danza, narración oral y gastronomía como acto de convivencia (""Cocina Pública""). Es una coproducción del Centro Cultural Teatro Container y la Fundación OANI de Teatro. Forma parte de una itinerancia más amplia del mismo proyecto (""Puerto a Puerta"") por comunas de la provincia de San Antonio (El Quisco, El Tabo, San Antonio y Santo Domingo) en 2024, financiada por el Fondo Nacional de Fomento y Desarrollo de las Artes Escénicas Itinerantes Regionales, convocatoria 2024, del Ministerio de las Culturas.",FUE-0070 | FUE-0071,DESCUBIERTO,2026-09-08,2026-09-08,NO ENCONTRADO,NO ENCONTRADO,Importado de data/events/puerto-a-puerta-valparaiso-2024.json (score 60).
FES-0006,Festival de Teatro y Todas las Artes Valle del Liwa,Festival Valle del Liwa,NO ENCONTRADO,NO ENCONTRADO,NO ENCONTRADO,NO ENCONTRADO,NO ENCONTRADO,NO ENCONTRADO,NO ENCONTRADO,NO ENCONTRADO,COMP-0001,Arte Escénico La Ligua,NO ENCONTRADO,NO ENCONTRADO,4,2024,https://festivalvalledelliwa.cl/,https://www.instagram.com/festivalvalledelliwa/,NO ENCONTRADO,NO ENCONTRADO,FUE-0013 | FUE-0014 | FUE-0154,DESCUBIERTO,2026-09-08,2026-09-08,NO ENCONTRADO,NO ENCONTRADO,"Creado por referencia desde COMP-0001. Comuna no resuelta: Provincia de Petorca. Cuarta versión convocada en 2024 (bases de febrero de 2024): artistas locales, regionales, nacionales e internacionales (~100), con mediación obligatoria en establecimientos educacionales o sectores comunitarios; se presenta en salas y espacios abiertos. Sitio web sin resolver DNS en septiembre de 2026. Comuna sede por confirmar (Provincia de Petorca según ficha previa)."
FES-0007,Festival Ventolera,IV Festival Ventolera | Festival Ventolera: Títeres en Primavera,valparaiso,Valparaíso,valparaiso,NO ENCONTRADO,NO ENCONTRADO,Asamblea Titiritera ATTICH V Región,ESP-0033,Centro Comunitario Las Cañas,COMP-0002 | COMP-0003 | COMP-0016 | COMP-0085 | COMP-0086 | COMP-0087 | COMP-0088 | COMP-0089 | COMP-0090,Asamblea Titiritera ATTICH V Región | Colectiva Artística Medioambiental La Capuchina | Titiricaos | Gabisha Títeres | Nina Títeres y Cuentacuentos | Compañía Moviendo Hilos | Compañía Vilkún de Marionetas | Títeres Helecho Marionetas | Compañía Correquetepillo,NO ENCONTRADO,NO ENCONTRADO,4,2024 | 2024-10-20,NO ENCONTRADO,NO ENCONTRADO,NO ENCONTRADO,NO ENCONTRADO,FUE-0015 | FUE-0016 | FUE-0017 | FUE-0018 | FUE-0019 | FUE-0020 | FUE-0069,PARCIAL,2026-09-08,2026-09-08,NO ENCONTRADO,NO ENCONTRADO,"Creado por referencia desde COMP-0002. Comuna no resuelta: Centro Comunitario Las Cañas, Cerro Las Cañas, Valparaíso. Creado por referencia desde COMP-0003. Comuna no resuelta: Centro Comunitario Las Cañas, Cerro Las Cañas, Valparaíso. Comuna no resuelta: Centro Comunitario Las Cañas, Cerro Las Cañas, Valparaíso. IV versión: domingo 20 de octubre de 2024, gratuita; taller 15:00 y exhibiciones 16:00. Coorganiza la Seremi de las Culturas; apoyan la Municipalidad de Valparaíso y el Centro Comunitario Las Cañas. Participó además Ingrid Vergara (La Serena, fuera de la región)."
FES-0008,Festival Caleta de Títeres,II Festival Caleta de Títeres,NO ENCONTRADO,NO ENCONTRADO,NO ENCONTRADO,NO ENCONTRADO,NO ENCONTRADO,"Asamblea Titiritera ATTICH V, Fundación TeatroMuseo del Títere y el Payaso, Empresa Portuaria Valparaíso, Centex y Seremi de las Culturas, las Artes y el Patrimonio",NO ENCONTRADO,NO ENCONTRADO,COMP-0002,Asamblea Titiritera ATTICH V Región,NO ENCONTRADO,NO ENCONTRADO,NO ENCONTRADO,2026 | 2026-03-22,NO ENCONTRADO,NO ENCONTRADO,NO ENCONTRADO,"Segunda edición del Festival Caleta de Títeres, que celebra el Día Mundial del Títere y la Marioneta (21 de marzo) transformando el Muelle Prat de Valparaíso en escenario. Programa más de quince números de títeres y marionetas, exhibición de marionetas gigantes y un especial de Teatro Lambe-Lambe desde las 13:00 horas, con reconocimiento a personalidades del oficio. Entre las 17:00 y las 18:15 horas se realizan cuatro funciones a bordo de lanchas en la bahía. Compañías y obras mencionadas: Talán-Talán, Compañía Terrestre, Lorenzo Títeres, Compañía La Bululú y Compañía La Barconeta; obras ""Olvídame"", ""Océano Pacífico"", ""El Gato Aníbal"" y ""Las Cantoras del Puerto"". Requiere inscripción previa mediante formulario del Ministerio de las Culturas.",FUE-0015 | FUE-0016 | FUE-0017 | FUE-0018 | FUE-0060 | FUE-0061,DESCUBIERTO,2026-09-08,2026-09-08,NO ENCONTRADO,NO ENCONTRADO,"Creado por referencia desde COMP-0002. Comuna no resuelta: Muelle Prat, Valparaíso. Importado de data/events/festival-caleta-de-titeres-2026.json (score 85)."
FES-0009,IV Festival Ventolera,NO ENCONTRADO,NO ENCONTRADO,NO ENCONTRADO,NO ENCONTRADO,NO ENCONTRADO,NO ENCONTRADO,NO ENCONTRADO,NO ENCONTRADO,NO ENCONTRADO,COMP-0003 | COMP-0016,Colectiva Artística Medioambiental La Capuchina | Titiricaos,NO ENCONTRADO,NO ENCONTRADO,NO ENCONTRADO,2024,NO ENCONTRADO,NO ENCONTRADO,NO ENCONTRADO,NO ENCONTRADO,FUE-0018 | FUE-0019 | FUE-0020 | FUE-0015,DUPLICADO,2026-09-08,2026-09-08,FES-0007,NO ENCONTRADO,"Creado por referencia desde COMP-0003. Comuna no resuelta: Centro Comunitario Las Cañas, Cerro Las Cañas, Valparaíso. Comuna no resuelta: Centro Comunitario Las Cañas, Cerro Las Cañas, Valparaíso."
FES-0010,Jallalla Festi Circo,NO ENCONTRADO,NO ENCONTRADO,NO ENCONTRADO,NO ENCONTRADO,NO ENCONTRADO,NO ENCONTRADO,NO ENCONTRADO,NO ENCONTRADO,NO ENCONTRADO,COMP-0007,Festín de la Risa,NO ENCONTRADO,NO ENCONTRADO,NO ENCONTRADO,2022,NO ENCONTRADO,NO ENCONTRADO,NO ENCONTRADO,NO ENCONTRADO,FUE-0027 | FUE-0028,DESCUBIERTO,2026-09-08,2026-09-08,NO ENCONTRADO,NO ENCONTRADO,Creado por referencia desde COMP-0007. Comuna no resuelta: Arica.
FES-0011,Gira regional de teatro familiar,Gira regional de teatro familiar 2021,calle-larga,Calle Larga,los-andes,NO ENCONTRADO,NO ENCONTRADO,NO ENCONTRADO,NO ENCONTRADO,NO ENCONTRADO,COMP-0007 | COMP-0010 | COMP-0011,Festín de la Risa | La Enredadera | Ludus Teatro,NO ENCONTRADO,NO ENCONTRADO,NO ENCONTRADO,2021,NO ENCONTRADO,NO ENCONTRADO,NO ENCONTRADO,NO ENCONTRADO,FUE-0027 | FUE-0028 | FUE-0034 | FUE-0035 | FUE-0036 | FUE-0037 | FUE-0038 | FUE-0039 | FUE-0040 | FUE-0041,PARCIAL,2026-09-08,2026-09-08,NO ENCONTRADO,NO ENCONTRADO,"Creado por referencia desde COMP-0007. Creado por referencia desde COMP-0010. Comuna no resuelta: Centro Cultural de San Antonio. Comuna no resuelta: Teatro Municipal Juan Bustos Ramírez, Quilpué."
FES-0012,FESTILAMBE de Valparaíso,FESTILAMBE | Festival Internacional de Teatro Lambe Lambe de Chile,valparaiso,Valparaíso,valparaiso,2014,anual,Fundación OANI de Teatro,ESP-0088,Casa OANI,COMP-0008,Fundación OANI de Teatro,NO ENCONTRADO,NO ENCONTRADO,9,2026 | 2023 | 2024 | 2014 | 2015 | 2016 | 2017 | 2018 | 2020,https://www.festilambe.cl/,NO ENCONTRADO,NO ENCONTRADO,NO ENCONTRADO,FUE-0029 | FUE-0030 | FUE-0031 | FUE-0032 | FUE-0118 | FUE-0105 | FUE-0095 | FUE-0181,PARCIAL,2026-09-08,2026-09-08,NO ENCONTRADO,"periodicidad: 'anual' vs 'anual con interrupciones (sin ediciones 2019, 2021, 2022, 2025)'","Creado por referencia desde COMP-0008. Comuna no resuelta: Casa OANI, Valparaíso. 7° FESTILAMBE (Fondo AAEE 2023, $46.988.136), 8° (2024, $43.629.626), 9° 'Contagiando Humanidad' (2026, $55.000.000). Periodicidad anual deducida de la numeración; edición 2025 no confirmada. 9ª edición en 2026; contacto institucional contacto@festilambe.cl. OANI organiza además el Festival Itinerante de Teatro Lambe Lambe de Lo Barnechea (Región Metropolitana). Formato: 25 espectáculos nacionales e internacionales de teatro lambe lambe presentados simultáneamente en cajas-casitas para un espectador a la vez. Apoyos municipales y regionales; colaboran Parque Cultural de Valparaíso, Casa OANI y Teatro de Marionetas. Contacto: contacto@festilambe.cl."
FES-0013,Gira regional de teatro familiar 2021,NO ENCONTRADO,NO ENCONTRADO,NO ENCONTRADO,NO ENCONTRADO,NO ENCONTRADO,NO ENCONTRADO,NO ENCONTRADO,NO ENCONTRADO,NO ENCONTRADO,COMP-0010 | COMP-0011,La Enredadera | Ludus Teatro,NO ENCONTRADO,NO ENCONTRADO,NO ENCONTRADO,2021,NO ENCONTRADO,NO ENCONTRADO,NO ENCONTRADO,NO ENCONTRADO,FUE-0034 | FUE-0035 | FUE-0036 | FUE-0037 | FUE-0038 | FUE-0039 | FUE-0040 | FUE-0041,DUPLICADO,2026-09-08,2026-09-08,FES-0011,NO ENCONTRADO,"Creado por referencia desde COMP-0010. Comuna no resuelta: Centro Cultural de San Antonio. Comuna no resuelta: Teatro Municipal Juan Bustos Ramírez, Quilpué."
FES-0014,Mujeres en Escena,NO ENCONTRADO,NO ENCONTRADO,NO ENCONTRADO,NO ENCONTRADO,NO ENCONTRADO,NO ENCONTRADO,NO ENCONTRADO,NO ENCONTRADO,NO ENCONTRADO,COMP-0010,La Enredadera,NO ENCONTRADO,NO ENCONTRADO,NO ENCONTRADO,2026,NO ENCONTRADO,NO ENCONTRADO,NO ENCONTRADO,NO ENCONTRADO,FUE-0034 | FUE-0035 | FUE-0036 | FUE-0037 | FUE-0038,DESCUBIERTO,2026-09-08,2026-09-08,NO ENCONTRADO,NO ENCONTRADO,"Creado por referencia desde COMP-0010. Comuna no resuelta: La Calera, El Quisco y Quilpué."
FES-0015,Encuentro de Teatro Porteño Independiente,NO ENCONTRADO,valparaiso,Valparaíso,valparaiso,NO ENCONTRADO,NO ENCONTRADO,NO ENCONTRADO,NO ENCONTRADO,NO ENCONTRADO,COMP-0013,Centro de Investigación Teatro La Peste,NO ENCONTRADO,NO ENCONTRADO,NO ENCONTRADO,2004,NO ENCONTRADO,NO ENCONTRADO,NO ENCONTRADO,NO ENCONTRADO,FUE-0044 | FUE-0045 | FUE-0046 | FUE-0047 | FUE-0048,PARCIAL,2026-09-08,2026-09-08,NO ENCONTRADO,NO ENCONTRADO,Creado por referencia desde COMP-0013.
FES-0016,ENAI — Encuentro de Artes Escénicas para la Comunidad Sorda,ENAI | Encuentro de narración accesible e inclusiva,valparaiso,Valparaíso,valparaiso,2022,anual,Pablo Ignacio Abarca Carrazana (responsable de proyecto),NO ENCONTRADO,NO ENCONTRADO,NO ENCONTRADO,NO ENCONTRADO,NO ENCONTRADO,NO ENCONTRADO,4,2025 | 2022 | 2023 | 2024 | 2026,NO ENCONTRADO,NO ENCONTRADO,NO ENCONTRADO,NO ENCONTRADO,FUE-0091 | FUE-0125 | FUE-0118 | FUE-0105 | FUE-0099 | FUE-0095,PARCIAL,2026-09-08,2026-09-08,NO ENCONTRADO,numero_versiones: '4' vs '5',"Proyecto 'ENAI 2025: Cuarto Encuentro de Artes Escénicas para la Comunidad Sorda', seleccionado en el Fondo de Artes Escénicas 2025 (Región de Valparaíso). Comuna y organización responsable no indicadas en la nota. 2022: 'Primer Encuentro regional de narración inclusiva: contemos con otros sentidos'; 2023: 'Segundo Encuentro de narración accesible e inclusiva: ENAI 2023'; 2024: 'Tercer Encuentro… ENAI 2024 Valparaíso'; 2025: 'ENAI 2025 Cuarto Encuentro de Artes Escénicas para la Comunidad Sorda' ($47.627.139); 2026: 'ENAI 2026 Quinto Encuentro' ($49.845.799). Comuna según el título de 2024."
FES-0017,A Rienda Suelta — Festival Internacional de Artes Cómicas,A Rienda Suelta,NO ENCONTRADO,NO ENCONTRADO,NO ENCONTRADO,NO ENCONTRADO,NO ENCONTRADO,Katherine Ruth Cisternas Collao (responsable de proyecto),NO ENCONTRADO,NO ENCONTRADO,NO ENCONTRADO,NO ENCONTRADO,NO ENCONTRADO,NO ENCONTRADO,4,2025,NO ENCONTRADO,NO ENCONTRADO,NO ENCONTRADO,NO ENCONTRADO,FUE-0091 | FUE-0099,DESCUBIERTO,2026-09-08,2026-09-08,NO ENCONTRADO,NO ENCONTRADO,"Proyecto 'A Rienda Suelta: 4° Festival Internacional de Artes Cómicas', seleccionado en el Fondo de Artes Escénicas 2025 (Región de Valparaíso). Comuna y organización no indicadas en la nota. 4° festival (2025, $26.247.211). Katherine Cisternas figura en el elenco de Festín de la Risa (obra Ayayai) según data/works; la relación festival–compañía queda por confirmar."
FES-0018,EN PRÁCTICA — Festival de Danza Contacto Improvisación Valparaíso,EN PRACTICA,valparaiso,Valparaíso,valparaiso,NO ENCONTRADO,NO ENCONTRADO,María Daniela Villanueva Tolosa (responsable de proyecto),NO ENCONTRADO,NO ENCONTRADO,NO ENCONTRADO,NO ENCONTRADO,NO ENCONTRADO,NO ENCONTRADO,4,2025 | 2023,NO ENCONTRADO,NO ENCONTRADO,NO ENCONTRADO,NO ENCONTRADO,FUE-0091 | FUE-0118 | FUE-0099,PARCIAL,2026-09-08,2026-09-08,NO ENCONTRADO,NO ENCONTRADO,"Festival de danza (contacto improvisación) seleccionado en el Fondo de Artes Escénicas 2025. III Encuentro (2023, $14.222.253); IV versión (2025, $23.385.924)."
FES-0019,"Festival de Artes Escénicas, Autocuidado y Salud Mental (Siento Teatro)",NO ENCONTRADO,vina-del-mar,Viña del Mar,valparaiso,NO ENCONTRADO,NO ENCONTRADO,Siento Teatro,NO ENCONTRADO,NO ENCONTRADO,COMP-0021,Siento Teatro,NO ENCONTRADO,NO ENCONTRADO,1,2025 | 2026,NO ENCONTRADO,NO ENCONTRADO,NO ENCONTRADO,NO ENCONTRADO,FUE-0091 | FUE-0099 | FUE-0095,PARCIAL,2026-09-08,2026-09-08,NO ENCONTRADO,numero_versiones: '1' vs '2',"Proyecto 'Siento Teatro: Primer Festival de Artes Escénicas, Autocuidado y Salud Mental', Fondo de Artes Escénicas 2025. Comuna tomada de la sede de Siento Teatro (Punto de Cultura en Viña del Mar); sede del festival por confirmar. Primer festival (2025, $29.999.983) y II Festival (2026, $29.629.536); responsable de ambos proyectos: Sara Camila Solís Peña."
FES-0020,Festival de Teatro Juan Edmundo González,NO ENCONTRADO,NO ENCONTRADO,NO ENCONTRADO,NO ENCONTRADO,NO ENCONTRADO,NO ENCONTRADO,NO ENCONTRADO,NO ENCONTRADO,NO ENCONTRADO,COMP-0024,Compañía Vaccaro Puppets,NO ENCONTRADO,NO ENCONTRADO,NO ENCONTRADO,2003 | 2005,NO ENCONTRADO,NO ENCONTRADO,NO ENCONTRADO,NO ENCONTRADO,FUE-0018,DESCUBIERTO,2026-09-08,2026-09-08,NO ENCONTRADO,NO ENCONTRADO,Creado por referencia desde COMP-0024.
FES-0021,Ciudad Teatro,Ciudad Teatro — Mes del Teatro Valparaíso,valparaiso,Valparaíso,valparaiso,NO ENCONTRADO,NO ENCONTRADO,"Centex — Ministerio de las Culturas, las Artes y el Patrimonio",ESP-0051 | ESP-0052 | ESP-0053 | ESP-0054 | ESP-0025 | ESP-0033 | ESP-0055 | ESP-0056 | ESP-0064 | ESP-0065 | ESP-0066 | ESP-0067 | ESP-0068 | ESP-0069 | ESP-0070,Mikroespacio | Espacio Catarsis | Centro Cultural IPA | Centex — Centro de Extensión del Ministerio de las Culturas | Carpa Azul Circo | Centro Comunitario Las Cañas | CECO de Rodelillo | Cancha Población Márquez | Valparaíso Profundo | Mercado Puerto | Liceo Pedro Montt | Espacio Comunitario Santa Ana | CEAC | Sala de Artes Escénicas Rodelillo | Casa Centro de Investigación Teatro La Peste,COMP-0013 | COMP-0039 | COMP-0040 | COMP-0041 | COMP-0042 | COMP-0043 | COMP-0044 | COMP-0045 | COMP-0091 | COMP-0092 | COMP-0054 | COMP-0093 | COMP-0073 | COMP-0094 | COMP-0095,Centro de Investigación Teatro La Peste | Cooperativa de Artes Escénicas de Valparaíso | Astillero Teatro | Teatro ILUcIÓN | Teatro Desastre | La Bayka | Disparate Circo | Teatro del Instinto | Colectivx Escénicx Urgente Delirio | MikroEspacio Creativo | Organización Comunitaria Artística Cultural y Deportiva La Coraje | Espacio Ané | Teatro La Washa | Colaboraciones en Distancia | Compañía En Paños Menores,NO ENCONTRADO,NO ENCONTRADO,NO ENCONTRADO,2025-05-05/2025-05-11 | 2026-05-08/2026-05-28,NO ENCONTRADO,NO ENCONTRADO,NO ENCONTRADO,NO ENCONTRADO,FUE-0131 | FUE-0132 | FUE-0136,PARCIAL,2026-09-08,2026-09-08,NO ENCONTRADO,"organizacion: 'Centex — Ministerio de las Culturas, las Artes y el Patrimonio' vs 'Sala Pascal 79'","Ciclo por el Mes del Teatro: ocho montajes en ocho espacios de Valparaíso, 5 al 11 de mayo de 2025. Colaboran Sala Pascal 79, Entretelones-Valpo y Pocket Documentaries según la nota. Edición 2026: 8 montajes en 20 días (8 al 28 de mayo) a precios populares, más una lectura dramatizada; organiza Sala Pascal 79 con financiamiento PAOCC. En 2025 la difusión la hizo Centex, que también fue sede; la organización 2025 queda por confirmar."
FES-0022,ENOI — Ópera con Identidad,ENOI,NO ENCONTRADO,NO ENCONTRADO,NO ENCONTRADO,NO ENCONTRADO,NO ENCONTRADO,NO ENCONTRADO,NO ENCONTRADO,NO ENCONTRADO,NO ENCONTRADO,NO ENCONTRADO,NO ENCONTRADO,NO ENCONTRADO,NO ENCONTRADO,2024 | 2025,NO ENCONTRADO,NO ENCONTRADO,NO ENCONTRADO,NO ENCONTRADO,FUE-0105 | FUE-0099,DESCUBIERTO,2026-09-08,2026-09-08,NO ENCONTRADO,NO ENCONTRADO,"'ENOI 2024 - Conecta con la ópera' (Irene Isola Yáñez Torres, $51.137.044) y 'ENOI 2025 - Ópera con Identidad' (Nicolás Eduardo Vásquez Muñoz, $54.818.257), Festivales y Encuentros Nacionales. Comuna no indicada."
FES-0023,TEGE — Festival latinoamericano de actividades escénicas con temáticas de género,TEGE,NO ENCONTRADO,NO ENCONTRADO,NO ENCONTRADO,NO ENCONTRADO,NO ENCONTRADO,Kathia Javiera Schulz Hernández (responsable de proyecto),NO ENCONTRADO,NO ENCONTRADO,NO ENCONTRADO,NO ENCONTRADO,NO ENCONTRADO,NO ENCONTRADO,4,2022 | 2024,NO ENCONTRADO,NO ENCONTRADO,NO ENCONTRADO,NO ENCONTRADO,FUE-0125 | FUE-0105,DESCUBIERTO,2026-09-08,2026-09-08,NO ENCONTRADO,NO ENCONTRADO,"II Festival (2022, $49.819.962); IV Festival (2024, $40.359.799). Comuna no indicada."
FES-0024,GESTA — Festival de artes escénicas de mujeres,GESTA,NO ENCONTRADO,NO ENCONTRADO,NO ENCONTRADO,NO ENCONTRADO,NO ENCONTRADO,NO ENCONTRADO,NO ENCONTRADO,NO ENCONTRADO,NO ENCONTRADO,NO ENCONTRADO,NO ENCONTRADO,NO ENCONTRADO,6,2022 | 2023,NO ENCONTRADO,NO ENCONTRADO,NO ENCONTRADO,NO ENCONTRADO,FUE-0125 | FUE-0118,DESCUBIERTO,2026-09-08,2026-09-08,NO ENCONTRADO,NO ENCONTRADO,"'6to Festival de Artes escénicas de mujeres, Gesta' (2022, Agrupación cultural Deportiva Social, $42.829.581) y 'GESTA 6ta versión' (2023, Paula Alejandra Céspedes Vergara, $48.240.590): la misma sexta versión aparece en dos convocatorias; por confirmar. Comuna no indicada."
FES-0025,Danzalborde,NO ENCONTRADO,valparaiso,Valparaíso,valparaiso,NO ENCONTRADO,NO ENCONTRADO,Sociedad de Artes Escénicas Escenalborde Limitada,NO ENCONTRADO,NO ENCONTRADO,COMP-0053,Centro Cultural Escenalborde,NO ENCONTRADO,NO ENCONTRADO,NO ENCONTRADO,2023,NO ENCONTRADO,NO ENCONTRADO,NO ENCONTRADO,NO ENCONTRADO,FUE-0118,PARCIAL,2026-09-08,2026-09-08,NO ENCONTRADO,NO ENCONTRADO,"'Danzalborde 18 años, construyendo una nueva realidad' (2023, $49.475.145): festival de danza con 18 años hacia 2023. Comuna deducida del nombre del organizador (Escenalborde, Valparaíso); por confirmar."
FES-0026,Festival de la Niñez Hijuelas,NO ENCONTRADO,hijuelas,Hijuelas,quillota,NO ENCONTRADO,NO ENCONTRADO,Sabia Escuela de Saberes,NO ENCONTRADO,NO ENCONTRADO,NO ENCONTRADO,NO ENCONTRADO,NO ENCONTRADO,NO ENCONTRADO,1,2023,NO ENCONTRADO,NO ENCONTRADO,NO ENCONTRADO,NO ENCONTRADO,FUE-0118,PARCIAL,2026-09-08,2026-09-08,NO ENCONTRADO,NO ENCONTRADO,"'I Festival de la Niñez Hijuelas' (Festivales y Encuentros Regionales 2023, $24.997.166)."
FES-0027,Encuentro Laboratorios Escénicos Valparaíso (SATORI),SATORI | Encuentro Laboratorios Escénicos Valparaíso,valparaiso,Valparaíso,valparaiso,NO ENCONTRADO,NO ENCONTRADO,NO ENCONTRADO,NO ENCONTRADO,NO ENCONTRADO,NO ENCONTRADO,NO ENCONTRADO,NO ENCONTRADO,NO ENCONTRADO,NO ENCONTRADO,2022 | 2023,NO ENCONTRADO,NO ENCONTRADO,NO ENCONTRADO,NO ENCONTRADO,FUE-0125 | FUE-0118,PARCIAL,2026-09-08,2026-09-08,NO ENCONTRADO,NO ENCONTRADO,"2022: Mariela Soledad Laterra ($19.375.000); 2023: 'SATORI: Encuentro Laboratorios Escénicos Valparaíso', Natalia Francisca Silva Valenzuela ($21.528.000)."
FES-0028,Escena en Riel — Festival de Teatro en Villa Alemana,Escena en Riel,villa-alemana,Villa Alemana,marga-marga,NO ENCONTRADO,NO ENCONTRADO,Claudia Andrea Bravo Bonulef (responsable de proyecto),NO ENCONTRADO,NO ENCONTRADO,NO ENCONTRADO,NO ENCONTRADO,NO ENCONTRADO,NO ENCONTRADO,NO ENCONTRADO,2022,NO ENCONTRADO,NO ENCONTRADO,NO ENCONTRADO,NO ENCONTRADO,FUE-0125,PARCIAL,2026-09-08,2026-09-08,NO ENCONTRADO,NO ENCONTRADO,"'Festival de Teatro en Villa Alemana: Escena en Riel' (Festivales y Encuentros Regionales 2022, $21.411.760)."
FES-0029,MIXTAS,NO ENCONTRADO,NO ENCONTRADO,NO ENCONTRADO,NO ENCONTRADO,NO ENCONTRADO,NO ENCONTRADO,Katherine Elizabeth López Soto (responsable de proyecto),NO ENCONTRADO,NO ENCONTRADO,NO ENCONTRADO,NO ENCONTRADO,NO ENCONTRADO,NO ENCONTRADO,NO ENCONTRADO,2022,NO ENCONTRADO,NO ENCONTRADO,NO ENCONTRADO,NO ENCONTRADO,FUE-0125,DESCUBIERTO,2026-09-08,2026-09-08,NO ENCONTRADO,NO ENCONTRADO,Festivales y Encuentros Regionales 2022 ($21.959.994). Comuna no indicada.
FES-0030,¡Deja tu drama volar! — Festival de Dramaturgia de Mujeres Porteñas,Deja tu drama volar,valparaiso,Valparaíso,valparaiso,NO ENCONTRADO,NO ENCONTRADO,Amanda Adelaida Borgoño Infante (responsable de proyecto),NO ENCONTRADO,NO ENCONTRADO,NO ENCONTRADO,NO ENCONTRADO,NO ENCONTRADO,NO ENCONTRADO,1,2022,NO ENCONTRADO,NO ENCONTRADO,NO ENCONTRADO,NO ENCONTRADO,FUE-0125,PARCIAL,2026-09-08,2026-09-08,NO ENCONTRADO,NO ENCONTRADO,"'Primer Festival de Dramaturgia de Mujeres Porteñas ¡DEJA TU DRAMA VOLAR! Mujeres Creando Teatro, Valparaíso 2022' ($24.864.340)."
FES-0031,Encuentro de Artes Escénicas e Inclusión Inversa de Valparaíso,NO ENCONTRADO,valparaiso,Valparaíso,valparaiso,NO ENCONTRADO,NO ENCONTRADO,El Pueblo de Piuretlandia,NO ENCONTRADO,NO ENCONTRADO,COMP-0070,El Pueblo de Piuretlandia,NO ENCONTRADO,NO ENCONTRADO,1,2022,NO ENCONTRADO,NO ENCONTRADO,NO ENCONTRADO,NO ENCONTRADO,FUE-0125,PARCIAL,2026-09-08,2026-09-08,NO ENCONTRADO,NO ENCONTRADO,'Primer Encuentro de Artes Escénicas e Inclusión Inversa de Valparaíso - Chile 2022' ($24.714.094).
FES-0032,Ciclo de Teatro en San Pedro de Putupur,NO ENCONTRADO,NO ENCONTRADO,NO ENCONTRADO,NO ENCONTRADO,NO ENCONTRADO,NO ENCONTRADO,Angélica Estefanía Díaz Díaz (responsable de proyecto),NO ENCONTRADO,NO ENCONTRADO,NO ENCONTRADO,NO ENCONTRADO,NO ENCONTRADO,NO ENCONTRADO,2,2022 | 2025,NO ENCONTRADO,NO ENCONTRADO,NO ENCONTRADO,NO ENCONTRADO,FUE-0125 | FUE-0099,DESCUBIERTO,2026-09-08,2026-09-08,NO ENCONTRADO,NO ENCONTRADO,"Primera edición 2022 ($13.075.716); '2° Edición' 2025 ($14.339.444). Localidad San Pedro de Putupur; comuna no indicada (posiblemente Quillota, por confirmar)."
FES-0033,CIMAC — Congreso Internacional de Malabarismo y Artes Circenses,CIMAC,valparaiso,Valparaíso,valparaiso,NO ENCONTRADO,NO ENCONTRADO,Centro Cultural Malabicirco,NO ENCONTRADO,NO ENCONTRADO,COMP-0028,Malabicirco,NO ENCONTRADO,NO ENCONTRADO,NO ENCONTRADO,2023 | 2024,NO ENCONTRADO,NO ENCONTRADO,NO ENCONTRADO,NO ENCONTRADO,FUE-0118,PARCIAL,2026-09-08,2026-09-08,NO ENCONTRADO,NO ENCONTRADO,"'CIMAC Valparaíso 2023-2024' (Festivales y encuentros de trayectoria, $69.144.003)."
FES-0034,Festival Danza Quilpué Danza,Quilpué Danza,quilpue,Quilpué,marga-marga,NO ENCONTRADO,NO ENCONTRADO,Katherine Patricia Salvo Ríos (responsable de proyecto),NO ENCONTRADO,NO ENCONTRADO,NO ENCONTRADO,NO ENCONTRADO,NO ENCONTRADO,NO ENCONTRADO,22,2026,NO ENCONTRADO,NO ENCONTRADO,NO ENCONTRADO,NO ENCONTRADO,FUE-0095,PARCIAL,2026-09-08,2026-09-08,NO ENCONTRADO,NO ENCONTRADO,"'22º Festival Danza Quilpué Danza' (Festivales y Encuentros Regionales 2026, $14.661.617)."
FES-0035,Festival Itinerante de Narración Oral del Valle del Aconcagua,NO ENCONTRADO,NO ENCONTRADO,NO ENCONTRADO,NO ENCONTRADO,NO ENCONTRADO,NO ENCONTRADO,Magda Raquel Sánchez Martínez (responsable de proyecto),NO ENCONTRADO,NO ENCONTRADO,NO ENCONTRADO,NO ENCONTRADO,NO ENCONTRADO,NO ENCONTRADO,1,2026,NO ENCONTRADO,NO ENCONTRADO,NO ENCONTRADO,NO ENCONTRADO,FUE-0095,DESCUBIERTO,2026-09-08,2026-09-08,NO ENCONTRADO,NO ENCONTRADO,"'Primer Festival Itinerante de Narración Oral del Valle del Aconcagua' (2026, $22.835.221). Comunas del Valle del Aconcagua no detalladas."
FES-0036,"Festival de artes escénicas en escaleras, Valparaíso",NO ENCONTRADO,valparaiso,Valparaíso,valparaiso,NO ENCONTRADO,NO ENCONTRADO,Camila Paz Guerrero Escobar (responsable de proyecto),NO ENCONTRADO,NO ENCONTRADO,NO ENCONTRADO,NO ENCONTRADO,NO ENCONTRADO,NO ENCONTRADO,1,2026,NO ENCONTRADO,NO ENCONTRADO,NO ENCONTRADO,NO ENCONTRADO,FUE-0095,PARCIAL,2026-09-08,2026-09-08,NO ENCONTRADO,NO ENCONTRADO,"'Primer festival de artes escénicas en escaleras, Valparaíso' (2026, $16.105.330)."
FES-0037,Paraísos Creativos — Encuentro de Educación Artística comprometida con las jóvenes audiencias,Paraísos Creativos,valparaiso,Valparaíso,valparaiso,NO ENCONTRADO,NO ENCONTRADO,Organización Comunitaria Artística Cultural y Deportiva La Coraje,NO ENCONTRADO,NO ENCONTRADO,COMP-0054,Organización Comunitaria Artística Cultural y Deportiva La Coraje,NO ENCONTRADO,NO ENCONTRADO,3,2024,NO ENCONTRADO,NO ENCONTRADO,NO ENCONTRADO,NO ENCONTRADO,FUE-0105,PARCIAL,2026-09-08,2026-09-08,NO ENCONTRADO,NO ENCONTRADO,"'PARAISOS CREATIVOS: 3er Encuentro…' (Festivales y Encuentros Regionales 2024, $26.353.675). Comuna según Puntos de Cultura (La Coraje, Valparaíso)."
FES-0038,Trenzando Puntos de Fuga,Puntos de Fuga,NO ENCONTRADO,NO ENCONTRADO,NO ENCONTRADO,2025,NO ENCONTRADO,"Red Ramal Cultural, con la Seremi de las Culturas, las Artes y el Patrimonio y municipalidades participantes",ESP-0071,Centro Cultural de La Calera,COMP-0097,Compañía de Teatro Experimental La Sutil,NO ENCONTRADO,NO ENCONTRADO,2,2025 | 2026-09-05,NO ENCONTRADO,NO ENCONTRADO,NO ENCONTRADO,NO ENCONTRADO,FUE-0140,DESCUBIERTO,2026-09-08,2026-09-08,NO ENCONTRADO,NO ENCONTRADO,"Circuito itinerante regional de música, teatro y folclor: primera etapa 2025; segunda etapa 2026 en 12 comunas (Quintero, Concón, Zapallar, Olmué, La Calera, Quillota, Papudo, Petorca, Cabildo, Puchuncaví, La Cruz, Limache). Sin comuna única. En La Calera participaron además la Orquesta Municipal de La Calera y el grupo folclórico Voces al Viento (Paihuén, Cabildo)."
FES-0039,FESTIGOC — Festival Estudiantil de Teatro Escuela Gastón Ormazábal Cabrera,FESTIGOC | Festival Escolar de Teatro de Putaendo,putaendo,Putaendo,san-felipe-de-aconcagua,2024,anual (proyectada),Escuela Gastón Ormazábal Cabrera (Putaendo),ESP-0074,Galpón del Parque Municipal de Putaendo,NO ENCONTRADO,NO ENCONTRADO,NO ENCONTRADO,NO ENCONTRADO,1,2024-08-28/2024-08-29,NO ENCONTRADO,NO ENCONTRADO,NO ENCONTRADO,NO ENCONTRADO,FUE-0147,PARCIAL,2026-09-08,2026-09-08,NO ENCONTRADO,NO ENCONTRADO,"Teatro escolar del Valle del Aconcagua: ocho establecimientos de Putaendo (Escuela Gastón Ormazábal Cabrera, Colegio San Alberto, Liceo Rinconada de Silva), San Felipe (Liceo Industrial, Colegio Santa Juana de Arco) y Santa María (Escuela Artística El Tambo, Escuela Santa Filomena, Escuela Julio Tejedor Zúñiga); cinco obras por día, 10:00–13:00; invitados Nathalie Nicloux, Alejandro Trejo y Valentina Flores; unas 1.000 personas de público según su director."
FES-0040,Culto — Quincena Cultural de Zapallar,Culto | Quincena Cultural de Zapallar,zapallar,Zapallar,petorca,NO ENCONTRADO,NO ENCONTRADO,Antonia Cruz y Valentina Tagle (gestoras) con la Fundación Municipal de Cultura de Zapallar,ESP-0073,Teatro de Zapallar,NO ENCONTRADO,NO ENCONTRADO,NO ENCONTRADO,NO ENCONTRADO,8,2023-12-30/2024-01-14,NO ENCONTRADO,NO ENCONTRADO,NO ENCONTRADO,NO ENCONTRADO,FUE-0149,PARCIAL,2026-09-08,2026-09-08,NO ENCONTRADO,NO ENCONTRADO,"Principalmente artes visuales (unos 50 artistas); apertura con danza moderna (Josefina Greene y Pedro Greene) y cierre performático (Valentina Serrati con proyecto Sittaka, 13 de enero de 2024). No se mencionan compañías teatrales."
FES-0041,Ciclo de Teatro Familiar de Quillota,NO ENCONTRADO,quillota,Quillota,quillota,NO ENCONTRADO,NO ENCONTRADO,Centro Cultural Leopoldo Silva Reynoard (Municipalidad de Quillota),ESP-0016,Centro Cultural Leopoldo Silva Reynoard,COMP-0018 | COMP-0104 | COMP-0105 | COMP-0106,Teatro Ánima | Teatro AlmaZen | Proyectico Títeres Educativos | Cía. Manga de Fracasados,NO ENCONTRADO,NO ENCONTRADO,NO ENCONTRADO,2019-07-18/2019-07-20,NO ENCONTRADO,NO ENCONTRADO,NO ENCONTRADO,NO ENCONTRADO,FUE-0156,PARCIAL,2026-09-08,2026-09-08,NO ENCONTRADO,NO ENCONTRADO,"Vacaciones de invierno 2019: cuatro obras en tres días, $2.000 entrada general, público familiar."
FES-0042,Teatro a Mil en la Región de Valparaíso,Festival Internacional Teatro a Mil — circuito regional Valparaíso,NO ENCONTRADO,NO ENCONTRADO,NO ENCONTRADO,NO ENCONTRADO,NO ENCONTRADO,Fundación Teatro a Mil,ESP-0061 | ESP-0082 | ESP-0059,Teatro Municipal de Casablanca | Centro Cultural de Casablanca | Teatro Municipal de Viña del Mar,COMP-0108,Teatro Profesional Onirus,NO ENCONTRADO,NO ENCONTRADO,NO ENCONTRADO,2016-01-03/2016-01-25 | 2025-01-17/2025-01-21 | 2026-01-18 | 2026-01-27,NO ENCONTRADO,NO ENCONTRADO,NO ENCONTRADO,NO ENCONTRADO,FUE-0158 | FUE-0168 | FUE-0179,DESCUBIERTO,2026-09-08,2026-09-08,NO ENCONTRADO,NO ENCONTRADO,"Circuito regional gratuito de enero de 2016 en siete comunas de la región (no nombradas), con compañías de China, Bolivia, España y Argentina; en Rinconada: 'La fortuna de las canciones de Jilin' (Conjunto de Canto y Danza de Jilin, China, 13 de enero) y el pasacalle 'Alas de fuego' (Teatro Profesional Onirus, 24 de enero). Casablanca 2025: 'El brote' (Compañía Criolla, Argentina, dir. Emiliano Dionisi, 17 de enero, 20:00, Teatro Municipal), 'Amal en Casablanca' (The Walk Productions y Handspring Puppet Company, dir. artístico Amir Nizar Zuabi, 20 de enero, 19:30, frontis del Centro Cultural), 'La historia del Ramayana' (India, dir. M.N. Harikumar, 21 de enero, 20:00, Teatro Municipal). Compañías extranjeras sin registro propio. El municipio lleva 10 años con el convenio. Viña del Mar 2026: 'Mr. Bo' (Marie de Jongh, España, 18 de enero, 20:00) y 'El encanto del marioneta oriental' (Compañía de títeres de Rugao, China, 27 de enero, 20:00), gratuitas con inscripción previa; compañías extranjeras sin registro propio."
FES-0043,Festival Nacional de Danza de Los Andes,NO ENCONTRADO,los-andes,Los Andes,los-andes,NO ENCONTRADO,NO ENCONTRADO,NO ENCONTRADO,ESP-0080,Gimnasio del Colegio María Auxiliadora de Los Andes,NO ENCONTRADO,NO ENCONTRADO,NO ENCONTRADO,NO ENCONTRADO,21,2025-07-18/2025-07-20,NO ENCONTRADO,NO ENCONTRADO,NO ENCONTRADO,NO ENCONTRADO,FUE-0159,PARCIAL,2026-09-08,2026-09-08,NO ENCONTRADO,NO ENCONTRADO,"XXI versión (Gala de Danza 2025) en el marco de los 234 años de Los Andes: más de 500 bailarines, elencos escolares y academias, gratuito. Disciplina: danza."
FES-0044,Ciclo de teatro municipal de La Cruz,NO ENCONTRADO,la-cruz,La Cruz,quillota,NO ENCONTRADO,NO ENCONTRADO,"Departamento de Cultura, Municipalidad de La Cruz",NO ENCONTRADO,NO ENCONTRADO,NO ENCONTRADO,NO ENCONTRADO,NO ENCONTRADO,NO ENCONTRADO,NO ENCONTRADO,2025,NO ENCONTRADO,NO ENCONTRADO,NO ENCONTRADO,NO ENCONTRADO,FUE-0162,PARCIAL,2026-09-08,2026-09-08,NO ENCONTRADO,NO ENCONTRADO,"Mencionado en el balance municipal 2025 como 'ciclo de teatro con participación de niñas, niños y actores profesionales'; nombre, fechas, obras y compañías no publicados."
FES-0045,Ciclo Teatro Infantil del Teatro Municipal de San Felipe,NO ENCONTRADO,san-felipe,San Felipe,san-felipe-de-aconcagua,NO ENCONTRADO,mensual (último sábado de cada mes),Municipalidad de San Felipe — Teatro Municipal,ESP-0062,Teatro Municipal de San Felipe,NO ENCONTRADO,NO ENCONTRADO,NO ENCONTRADO,NO ENCONTRADO,NO ENCONTRADO,2022-10-22,NO ENCONTRADO,NO ENCONTRADO,NO ENCONTRADO,NO ENCONTRADO,FUE-0170,PARCIAL,2026-09-08,2026-09-08,NO ENCONTRADO,NO ENCONTRADO,"'Fábulas fabulosas' (cuentacuentos con música en vivo), sábado 22 de octubre de 2022, 12:00, entrada liberada; función adelantada por los feriados de fin de mes. Artista o compañía no indicados."
FES-0046,Festival Síntesis Teatral,FSTV | Festival Síntesis Teatral Valparaíso,valparaiso,Valparaíso,valparaiso,2016,"anual (mayo, Día Nacional del Teatro)","Laboratorio Anatomía Teatral, con la Seremi de las Culturas, Centex, el Parque Cultural de Valparaíso y la Municipalidad de Valparaíso",ESP-0054 | ESP-0003 | ESP-0018 | ESP-0002 | ESP-0016 | ESP-0089 | ESP-0062,Centex — Centro de Extensión del Ministerio de las Culturas | Parque Cultural de Valparaíso | Sala de Artes Escénicas Universidad de Playa Ancha | Centro Cultural San Antonio | Centro Cultural Leopoldo Silva Reynoard | Fundo San Jorge | Teatro Municipal de San Felipe,COMP-0013 | COMP-0124,Centro de Investigación Teatro La Peste | Laboratorio Anatomía Teatral,NO ENCONTRADO,NO ENCONTRADO,7,2022-05-11 | 2019-05-06/2019-05-26 | 2020-05,NO ENCONTRADO,NO ENCONTRADO,NO ENCONTRADO,NO ENCONTRADO,FUE-0175 | FUE-0176 | FUE-0177 | FUE-0178,PARCIAL,2026-09-08,2026-09-08,NO ENCONTRADO,NO ENCONTRADO,"7ª edición inaugurada virtualmente el 11 de mayo de 2022 (canal de YouTube FSTV) con tres estrenos transmitidos. Comuna y organización no indicadas. Creado en 2016 para celebrar el Día Nacional del Teatro y el natalicio de Andrés Pérez. 2019 (4ª): 23 obras, 5 estrenos, 6 comunas, más de 30 presentaciones en 8 espacios, con reposiciones de 'Feroz' (Teatro La Peste) y 'Ella & Ella' (Omar Saavedra), compañías emergentes, teatro familiar y egresados de escuelas regionales; programa completo en laboratorioanatomiateatral.cl/folleto-fstv19 (pendiente). 2020 (5ª): primera versión por streaming. 2022 (7ª): inauguración virtual el 11 de mayo. Versión bajo el lema 'Derecho a la Utopía' con programación de emergencia (año no indicado)."
FES-0047,Mes del Teatro en la Región de Valparaíso 2022,Mes del Teatro 2022,NO ENCONTRADO,NO ENCONTRADO,NO ENCONTRADO,NO ENCONTRADO,NO ENCONTRADO,"Seremi de las Culturas, las Artes y el Patrimonio de Valparaíso y espacios asociados",ESP-0003 | ESP-0053 | ESP-0022 | ESP-0087 | ESP-0054 | ESP-0004,Parque Cultural de Valparaíso | Centro Cultural IPA | Centro Cultural Gabriela Mistral | Cancha Quebrada Márquez | Centex — Centro de Extensión del Ministerio de las Culturas | Teatro Municipal Juan Bustos Ramírez,COMP-0116 | COMP-0008 | COMP-0117 | COMP-0118 | COMP-0039 | COMP-0119,Experimento Pierrot | Fundación OANI de Teatro | Abrapalabra | Ankalli Artes Escénicas | Cooperativa de Artes Escénicas de Valparaíso | Soporte Corporal,NO ENCONTRADO,NO ENCONTRADO,NO ENCONTRADO,2022-05-11/2022-05-28,NO ENCONTRADO,NO ENCONTRADO,NO ENCONTRADO,NO ENCONTRADO,FUE-0175,DESCUBIERTO,2026-09-08,2026-09-08,NO ENCONTRADO,NO ENCONTRADO,Programación regional del Mes del Teatro 2022 según el Ministerio.
FES-0048,Festival Internacional Santiago Off — extensión Región de Valparaíso,Santiago Off,NO ENCONTRADO,NO ENCONTRADO,NO ENCONTRADO,NO ENCONTRADO,NO ENCONTRADO,Fundación Santiago Off,ESP-0059,Teatro Municipal de Viña del Mar,NO ENCONTRADO,NO ENCONTRADO,NO ENCONTRADO,NO ENCONTRADO,19,2026-01-31,NO ENCONTRADO,NO ENCONTRADO,NO ENCONTRADO,NO ENCONTRADO,FUE-0179,DESCUBIERTO,2026-09-08,2026-09-08,NO ENCONTRADO,NO ENCONTRADO,"XIX Festival Internacional Santiago Off: 'Historia de amor para un alma vieja' (compañía FA, dir. Felipe Zambrano) en el Teatro Municipal de Viña del Mar, 31 de enero de 2026, 20:00, gratuita con inscripción."
