id,url,titulo,publicador,tipo,calidad,fecha_consulta,capa,consulta,notas
FUE-0001,https://www.losandes.cl/centro-cultural/,Centro Cultural — Ilustre Municipalidad de Los Andes,Ilustre Municipalidad de Los Andes,oficial,B,2026-09-05,0,importacion data/,"Confirma dirección, teléfono, correo y oferta de talleres."
FUE-0002,https://www.sanantonio.cl/alcaldia/departamento-de-cultura/centro-cultural-san-antonio.html,Centro Cultural San Antonio,Ilustre Municipalidad de San Antonio,oficial,B,2026-09-05,0,importacion data/,"Confirma dirección, programación gratuita y vínculo con planes de estudio."
FUE-0003,https://parquecultural.cl/ubicacion/,Ubicación — Parque Cultural Valparaíso,Parque Cultural de Valparaíso,oficial,B,2026-09-05,0,importacion data/,"Confirma dirección (Cumming 590, Cerro Cárcel) y correo de contacto."
FUE-0004,https://es.wikipedia.org/wiki/Parque_Cultural_de_Valpara%C3%ADso,Parque Cultural de Valparaíso,Wikipedia,otro,E,2026-09-05,0,importacion data/,Solo como referencia secundaria de la inauguración en octubre de 2011; no se usa como única fuente.
FUE-0005,https://www.gob.cl/noticias/mandataria-inauguro-el-teatro-municipal-juan-bustos-en-quilpue/,Mandataria inauguró el Teatro Municipal Juan Bustos en Quilpué,Gobierno de Chile (gob.cl),oficial,B,2026-09-05,0,importacion data/,"Confirma historia (Teatro Velarde 1940), restauración, reapertura el 12 de diciembre de 2017 y nuevas instalaciones. No incluye dirección ni capacidad exacta."
FUE-0006,https://www.biobiochile.cl/noticias/artes-y-cultura/actualidad-cultural/2017/12/14/quilpue-inauguro-el-nuevo-teatro-municipal-juan-bustos-ramirez.shtml,Quilpué inauguró el nuevo Teatro Municipal Juan Bustos Ramírez,BioBioChile,prensa,C,2026-09-05,0,importacion data/,Corrobora la reapertura de diciembre de 2017.
FUE-0007,https://www.monumentos.gob.cl/monumentos/monumentos-historicos/teatro-pompeya-y-sus-portales-de-villa-alemana,Teatro Pompeya y sus Portales de Villa Alemana,Consejo de Monumentos Nacionales de Chile,oficial,B,2026-09-05,0,importacion data/,"Confirma dirección, declaratoria de monumento histórico (2008), estilo, construcción 1925, inauguración 1926, capacidad de 500 personas, daño 2010, restauración 2011-2012 y reapertura el 29 de octubre de 2012."
FUE-0008,https://munivillalemana.gob.cl/2026/07/teatro-pompeya-villa-alemana-celebra-100-anos/,Teatro Pompeya de Villa Alemana celebra 100 años de historia como símbolo del patrimonio y la cultura local,Ilustre Municipalidad de Villa Alemana,institucional,A,2026-09-05,0,importacion data/,Confirma que sigue activo y celebrando su historia en julio de 2026; no se abrió en detalle.
FUE-0009,https://publicosyterritorios.cultura.gob.cl/local/teatro-rodolfo-bravo-del-centro-cultural-municipal-leopoldo-silva-reynoard-de-quillota/,Teatro Rodolfo Bravo del Centro Cultural Municipal Leopoldo Silva Reynoard de Quillota,"Ministerio de las Culturas, las Artes y el Patrimonio — Unidad de Públicos y Territorios",institucional,A,2026-09-05,0,importacion data/,Confirma el nombre oficial completo del teatro. No entrega dirección ni capacidad.
FUE-0010,https://g5noticias.cl/2021/01/21/teatro-del-centro-cultural-de-quillota-reabre-a-publico-este-viernes/,Teatro del Centro Cultural de Quillota reabre a público este viernes,G5 Noticias,prensa,C,2026-09-05,0,importacion data/,Publicada el 21 de enero de 2021. Confirma la reapertura del 22 de enero de 2021 y el nombre «Rodolfo Bravo».
FUE-0011,https://www.teatromuseo.cl/,Sitio oficial de la Fundación Teatromuseo del Títere y el Payaso,Fundación Teatromuseo del Títere y el Payaso,oficial,B,2026-09-05,0,importacion data/,"Confirma dirección (Cumming 795, Valparaíso) y teléfono."
FUE-0012,https://semanaeducacionartistica.cultura.gob.cl/contenidos/fundacion-teatromuseo-del-titere-y-el-payaso/,Fundación Teatromuseo del Títere y el Payaso — Semana de la Educación Artística,"Ministerio de las Culturas, las Artes y el Patrimonio",institucional,A,2026-09-05,0,importacion data/,"Confirma inauguración en julio de 2007 en la ex capilla de San Judas Tadeo, y la escuela internacional, museo y teatro."
FUE-0013,NO ENCONTRADO,"Investigación madre Quinta Escena Podcast — perfil 3 (cita El Observador, Festival Valle del Liwa 2024)","Proyecto Quinta Escena Podcast, folio 863000",documento-proyecto,F,2026-09-05,0,importacion data/,Documento interno del proyecto Quinta Escena Podcast; no verificable públicamente. Nota de El Observador sobre Valle del Liwa 2024 aún sin URL propia localizada.
FUE-0014,https://www.instagram.com/festivalvalledelliwa/,Festival de Teatro y Todas las Artes Valle del Liwa (cuenta oficial),Festival Valle del Liwa,red-social,D,2026-09-05,0,importacion data/,"Cuenta encontrada por búsqueda; no se abrió para confirmar contenido (Instagram no es accesible para este asistente). Cuenta como nivel 1 solo para existencia, no para trayectoria ni fondos; falta que un verificador humano la revise."
FUE-0015,https://g5noticias.cl/2024/10/15/valparaiso-festival-ventolera-celebrara-a-titiriteros-y-marionetistas-de-la-region/,Valparaíso: Festival Ventolera celebrará a titiriteros y marionetistas de la región,G5 Noticias,prensa,C,2026-09-05,0,importacion data/,"Confirma que ATTICH V, junto a la Seremi de las Culturas, organiza el IV Festival Ventolera; lista las compañías participantes con su comuna."
FUE-0016,https://g5noticias.cl/2026/03/16/festival-caleta-de-titeres-ofrecera-funciones-sobre-lanchas-en-valparaiso/,"Festival ""Caleta de Títeres"" ofrecerá funciones sobre lanchas en Valparaíso",G5 Noticias,prensa,C,2026-09-05,0,importacion data/,"Confirma organizadores del Festival Caleta de Títeres II (22 de marzo de 2026, Muelle Prat) y compañías participantes."
FUE-0017,https://www.theclinic.cl/2026/03/16/hasta-con-funciones-de-titeres-sobre-lanchas-valparaiso-se-prepara-para-celebrar-el-dia-mundial-del-titere-y-la-marioneta-2026/,Hasta con funciones de títeres sobre lanchas: Valparaíso se prepara para celebrar el Día Mundial del Títere y la Marioneta 2026,The Clinic,prensa,C,2026-09-05,0,importacion data/,"Confirma fecha, lugar, obras programadas y modalidad de inscripción del Festival Caleta de Títeres II (2026), segunda edición tras la de 2025."
FUE-0018,https://www.patrimonioinmaterial.gob.cl/sites/www.patrimonioinmaterial.gob.cl/files/2025-04/2025_03_04%20catalogo_titeres%20final%202ok.pdf,Catálogo Compañías de Teatro Tradicional de Títeres Región de Valparaíso,Servicio Nacional del Patrimonio Cultural — Dirección Regional Valparaíso,oficial,B,2026-09-05,0,importacion data/,"Cuatro de las seis compañías del catálogo (Titiricaos, La Barconeta, La Capuchina, Vaccaro Puppets) declaran formar parte de la ""Asamblea Titiritera ATTICH Quinta Región""."
FUE-0019,https://www.sigpa.cl/ficha-colectivo/colectiva-artistica-medioambiental-la-capuchina,SIGPA — Colectiva Artística Medioambiental La Capuchina,Servicio Nacional del Patrimonio Cultural (SIGPA),oficial,B,2026-09-05,0,importacion data/,"Registro SIGPA CC6995... (id CC7603), fecha de registro 30-09-2024. Confirma comuna Valparaíso e integrantes fundadoras Waleska Vilches Valdivia y Ana Sagredo Núñez."
FUE-0020,https://www.teatromuseo.cl/noticia/agosto-se-despide-con-broche-de-oro-un-estreno_65,Agosto se despide con broche de oro: un estreno (programación del estreno de La Ruta de la Quebrada),Fundación TeatroMuseo del Títere y el Payaso,institucional,A,2026-09-05,0,importacion data/,"Menciona el estreno de La Ruta de la Quebrada (Cerro Las Cañas, El Litre) y una convocatoria 2023 del Ministerio de las Culturas; el artículo no consigna año de publicación explícito, se infiere 2023 por el contexto."
FUE-0021,https://www.instagram.com/elmundodelostiteres/,"El Mundo de los Títeres (@elmundodelostiteres) — cuenta con ubicación pública ""Quilpué""",Compañía de Muñecos Marionautas,red-social,D,2026-09-05,0,importacion data/,"Cuenta encontrada por búsqueda web; el handle coincide exactamente con el publicado en el catálogo oficial. No se abrió directamente (Instagram no es accesible para este asistente); cuenta como nivel 1 solo para existencia y comuna, no para trayectoria."
FUE-0022,NO ENCONTRADO,Carta de compromiso — Villa alemana.pdf (25 de agosto de 2026),"Proyecto Quinta Escena Podcast, folio 863000",documento-proyecto,F,2026-09-05,0,importacion data/,Documento interno del proyecto Quinta Escena Podcast; no verificable públicamente.
FUE-0023,NO ENCONTRADO,"Investigación madre Quinta Escena Podcast — perfil 5 (cita Municipalidad de Villa Alemana, Registro de organizaciones Ley 19.862)","Proyecto Quinta Escena Podcast, folio 863000",documento-proyecto,F,2026-09-05,0,importacion data/,Documento interno del proyecto Quinta Escena Podcast; no verificable públicamente. Registro Ley 19.862 es verificable en registros19862.cl; URL pendiente.
FUE-0024,NO ENCONTRADO,Carta de compromiso — San Antonio.pdf (21 de agosto de 2026),"Proyecto Quinta Escena Podcast, folio 863000",documento-proyecto,F,2026-09-05,0,importacion data/,"Documento interno del proyecto Quinta Escena Podcast; no verificable públicamente. El RUT de la sociedad, presente en la carta, no se replica."
FUE-0025,NO ENCONTRADO,Propuesta de difusión Quinta Escena Podcast (versión vigente),"Proyecto Quinta Escena Podcast, folio 863000",documento-proyecto,F,2026-09-05,0,importacion data/,Documento interno del proyecto Quinta Escena Podcast; no verificable públicamente.
FUE-0026,https://elproa.cl/2021/12/compania-de-teatro-la-lancha-se-ha-lucido-con-su-obra-llo-lle-we-la-historia-de-san-antonio/,"Compañía de teatro La Lancha se ha lucido con su obra Llo Lle We, la historia de San Antonio",El Proa,prensa,C,2026-09-05,0,importacion data/,"Publicada el 24 de diciembre de 2021. Confirma la existencia y actividad de la compañía con Llo Lle We, con más de 23 funciones a esa fecha."
FUE-0027,NO ENCONTRADO,"Investigación madre Quinta Escena Podcast — perfil 2 (cita Universidad de Chile, Teatromuseo, Parque Cultural de Valparaíso)","Proyecto Quinta Escena Podcast, folio 863000",documento-proyecto,F,2026-09-05,0,importacion data/,Documento interno del proyecto Quinta Escena Podcast; no verificable públicamente. URLs pendientes.
FUE-0028,NO ENCONTRADO,"Compañías candidatas por provincia (levantamiento interno, 4 de agosto de 2026)","Proyecto Quinta Escena Podcast, folio 863000",documento-proyecto,F,2026-09-05,0,importacion data/,Documento interno del proyecto Quinta Escena Podcast; no verificable públicamente. Documento de trabajo; confirmar con la compañía.
FUE-0029,https://oaniteatro.com/compania/,OANI — Fundación OANI de Teatro (sitio oficial),Fundación OANI de Teatro,oficial,B,2026-09-05,0,importacion data/,Fetch directo del sitio oficial.
FUE-0030,https://oaniteatro.com/,OANI Home,Fundación OANI de Teatro,oficial,B,2026-09-05,0,importacion data/,"Fetch directo confirmando enlaces de redes sociales (@oaniteatro en Facebook, Instagram y X) y agenda de actividades de 2025-2026."
FUE-0031,https://www.biobiochile.cl/noticias/artes-y-cultura/actualidad-cultural/2026/01/26/estreno-de-nosotrxs-de-oani-teatro-se-presentara-en-calle-y-sitios-no-convencionales-de-valparaiso.shtml,Estreno de «NOSOTRXS» de OANI Teatro: se presentará en calle y sitios no convencionales de Valparaíso,BioBioChile,prensa,C,2026-09-05,0,importacion data/,Confirma «28 años» de trayectoria a enero de 2026 (coherente con fundación en 1998) y el financiamiento Fondart 2025 de NOSOTRXS.
FUE-0032,https://parquecultural.cl/2019/09/12/valparaiso-celebra-los-30-anos-del-teatro-lambe-lambe/,Valparaíso celebra los 30 años del teatro Lambe Lambe,Parque Cultural de Valparaíso,institucional,A,2026-09-05,0,importacion data/,NO ENCONTRADO
FUE-0033,https://www.sigpa.cl/ficha-colectivo/guaico-titeres,SIGPA — Guaico Títeres,Servicio Nacional del Patrimonio Cultural (SIGPA),oficial,B,2026-09-05,0,importacion data/,"Registro SIGPA CC6995, fecha de registro 08-03-2023. Confirma comuna Valparaíso (cerro Playa Ancha) y técnicas de manipulación de títeres; no entrega nombres individuales de integrantes."
FUE-0034,https://gam.cl/es/que-hacer-en-gam/danza/la-caracol/,La Caracol — Danza,Centro Cultural Gabriela Mistral (GAM),institucional,A,2026-09-05,0,importacion data/,Página de programación del GAM con biografía del colectivo y de la obra.
FUE-0035,https://www.elmostrador.cl/braga/2021/07/08/la-caracol-obra-de-danza-para-la-infancia-que-muestra-la-defensa-de-los-derechos-de-la-ninez/,«La Caracol»: obra de danza para la infancia que muestra la defensa de los derechos de la niñez,El Mostrador,prensa,C,2026-09-05,0,importacion data/,NO ENCONTRADO
FUE-0036,https://radio.uchile.cl/2024/08/22/la-caracol-el-montaje-familiar-para-hablar-sobre-derechos-de-ninas-y-ninos-que-arriba-al-gam/,«La Caracol»: el montaje familiar para hablar sobre derechos de niñas y niños que arriba al GAM,Diario y Radio Universidad de Chile,prensa,C,2026-09-05,0,importacion data/,NO ENCONTRADO
FUE-0037,https://diariolaquinta.cl/2026/07/31/proyecto-mujeres-en-escena-llevara-teatro-danza-y-circo-a-seis-provincias-de-la-region-de-valparaiso/,"Proyecto «Mujeres en Escena» llevará teatro, danza y circo a seis provincias de la Región de Valparaíso",Diario La Quinta,prensa,C,2026-09-05,0,importacion data/,Confirma actividad vigente al 31 de julio de 2026 y la gira hasta enero de 2027.
FUE-0038,https://ritoquefm.cl/mujeres-en-la-escena-la-red-cooperativa-que-desafia-al-centralismo-y-recorre-el-valparaiso-profundo/,Mujeres en la escena: la red cooperativa que desafía al centralismo y recorre el Valparaíso profundo,Ritoque FM,prensa,C,2026-09-05,0,importacion data/,"Describe a la agrupación que presenta «La Caracol» en la gira 2026 como interregional (Región de Valparaíso y Región del Biobío), lo que podría referirse a la formación ampliada de esta gira y no a la sede fundacional del colectivo (Valparaíso, según GAM). Se registran ambas versiones."
FUE-0039,https://semanaeducacionartistica.cultura.gob.cl/author/ludus-teatro/,LUDUS TEATRO | #SEA2024,"Ministerio de las Culturas, las Artes y el Patrimonio — Semana de la Educación Artística",institucional,A,2026-09-05,0,importacion data/,"URL localizada por buscador; el contenido citado proviene del resumen generado por el buscador. El intento de este asistente de abrir la página directamente (WebFetch) devolvió error 404 el 2026-09-05, por lo que no se pudo confirmar leyendo la página completa. Requiere que un verificador humano la revise."
FUE-0040,https://radio.uchile.cl/2021/11/09/companias-de-teatro-familiar-llevan-sus-producciones-a-cinco-comunas-de-la-region-de-valparaiso/,Compañías de teatro familiar llevan sus producciones a cinco comunas de la Región de Valparaíso,Diario y Radio Universidad de Chile,prensa,C,2026-09-05,0,importacion data/,"Confirma la obra «Don Tilde desmemoriado» de Ludus Teatro en el Teatro Municipal Juan Bustos Ramírez de Quilpué, 14 de noviembre de 2021."
FUE-0041,https://web-old.parquecultural.cl/2016/08/30/don-tilde-desmemoriado-2/,«Don Tilde desmemoriado» — Cia Teatro Ludus,Parque Cultural de Valparaíso,institucional,A,2026-09-05,0,importacion data/,Registra una función de agosto de 2016 en la Sala Estudio del Parque Cultural de Valparaíso; no confirma comuna de origen de la compañía.
FUE-0042,NO ENCONTRADO,Carta de compromiso — Quillota.pdf (27 de agosto de 2026),"Proyecto Quinta Escena Podcast, folio 863000",documento-proyecto,F,2026-09-05,0,importacion data/,Documento interno del proyecto Quinta Escena Podcast; no verificable públicamente.
FUE-0043,NO ENCONTRADO,Investigación madre Quinta Escena Podcast — perfil 4,"Proyecto Quinta Escena Podcast, folio 863000",documento-proyecto,F,2026-09-05,0,importacion data/,Documento interno del proyecto Quinta Escena Podcast; no verificable públicamente.
FUE-0044,https://www.biobiochile.cl/noticias/artes-y-cultura/teatro/2025/11/13/teatro-la-peste-celebra-25-anos-con-adaptacion-de-novela-de-diamela-eltit.shtml,Teatro La Peste celebra 25 años con adaptación de novela de Diamela Eltit,BioBioChile,prensa,C,2026-09-05,0,importacion data/,"Confirma 25 años de trayectoria a noviembre de 2025 y el estreno de SUMAR, archivos del fracaso el 13 de noviembre de 2025."
FUE-0045,https://www.uv.cl/archivo-noticias-uv/28396-teatro-la-peste-conmemora-25-anos-con-obra-error-en-sala-negra-uv,Teatro La Peste conmemora 25 años con obra «Error» en Sala Negra UV,Universidad de Valparaíso,institucional,A,2026-09-05,0,importacion data/,"Fuente institucional (universidad) que confirma comuna (Valparaíso, «compañía porteña»), director y trayectoria."
FUE-0046,https://parquecultural.cl/events/sumar-teatro-la-peste/,Sumar - Teatro La Peste,Parque Cultural de Valparaíso,institucional,A,2026-09-05,0,importacion data/,NO ENCONTRADO
FUE-0047,https://www.eldesconcierto.cl/2016/04/08/dialogo-politico-teatral-con-danilo-llanos-director-de-la-obra-error/,"Diálogo político-teatral con Danilo Llanos, director de la obra «Error»",El Desconcierto,prensa,C,2026-09-05,0,importacion data/,"Entrevista con detalle sobre fundadoras, núcleo estable, Fondart 2001 y el Encuentro de Teatro Porteño Independiente desde 2004; contenido citado a partir del resumen del buscador."
FUE-0048,https://www.valparaisocreativo.cl/valparaiso-tiene-algo-que-decir-al-mundo-teatro-la-peste-impulsa-un-plan-para-internacionalizar-el-teatro-regional/,«Valparaíso tiene algo que decir al mundo»: Teatro La Peste impulsa un plan para internacionalizar el teatro regional,Valparaíso Creativo,institucional,A,2026-09-05,0,importacion data/,"El intento de este asistente de abrir la página directamente devolvió un aviso de hosting suspendido (ihosting.cl); el contenido citado proviene del resumen generado por el buscador, no de una lectura directa de la página. Requiere verificación humana."
FUE-0049,NO ENCONTRADO,Carta de compromiso — Los Andes.pdf (31 de agosto de 2026),"Proyecto Quinta Escena Podcast, folio 863000",documento-proyecto,F,2026-09-05,0,importacion data/,Documento interno del proyecto Quinta Escena Podcast; no verificable públicamente.
FUE-0050,NO ENCONTRADO,"Investigación madre Quinta Escena Podcast — perfil 1 (cita SIGPA, Diario El Trabajo)","Proyecto Quinta Escena Podcast, folio 863000",documento-proyecto,F,2026-09-05,0,importacion data/,Documento interno del proyecto Quinta Escena Podcast; no verificable públicamente. Diario El Trabajo ya localizado y registrado como fuente propia (ver fuente siguiente).
FUE-0051,https://eltrabajo.cl/web/el-arte-de-dar-vida-dos-titiriteros-del-valle-son-reconocidos-como-cultores/,El arte de dar vida: Dos titiriteros del valle son reconocidos como cultores,Diario El Trabajo,prensa,C,2026-09-05,0,importacion data/,Publicada el 24 de agosto de 2026. Confirma la función de Varieté de Marionetas Musicales del 25 de agosto de 2026 en la Escuela Mateo Cokljat de San Felipe.
FUE-0052,https://www.ivoox.com/en/entrevista-a-eduardo-romero-director-compania-audios-mp3_rf_71461265_1.html,"Entrevista a Eduardo Romero, Director de la Compañía de Teatro Humedal del Río Maipo",ChilenaFM de San Antonio (iVoox),prensa,C,2026-09-05,0,importacion data/,"El resumen de la entrevista ubica a la compañía en Santo Domingo (a 8 km al sur de San Antonio, junto al río Maipo), lo que difiere de la comuna «San Antonio» anotada al abrir esta tarea en la cola de investigación. La entrevista es del 15 de junio de 2021."
FUE-0053,https://www.facebook.com/people/Compa%C3%B1ia-titeres-humedal-rio-maipo/100068390424438/,Compañia titeres humedal rio maipo,Compañía Títeres Humedal Río Maipo (Facebook oficial),red-social,D,2026-09-05,0,importacion data/,Página con 205 seguidores localizada por buscador; no se abrió directamente para confirmar fecha de la última publicación (Facebook no es accesible para este asistente).
FUE-0054,NO ENCONTRADO,Investigación madre Quinta Escena Podcast — perfil 2,"Proyecto Quinta Escena Podcast, folio 863000",documento-proyecto,F,2026-09-05,0,importacion data/,Documento interno del proyecto Quinta Escena Podcast; no verificable públicamente. URL pendiente.
FUE-0055,NO ENCONTRADO,Investigación madre Quinta Escena Podcast — perfil 5 (cita Compañía de Teatro Alegría en Perú),"Proyecto Quinta Escena Podcast, folio 863000",documento-proyecto,F,2026-09-05,0,importacion data/,Documento interno del proyecto Quinta Escena Podcast; no verificable públicamente. URL pendiente.
FUE-0056,NO ENCONTRADO,Investigación madre Quinta Escena Podcast — perfil 7 (cita El Proa y Dossier Viaje Inmóvil — Llo Lle We),"Proyecto Quinta Escena Podcast, folio 863000",documento-proyecto,F,2026-09-05,0,importacion data/,Documento interno del proyecto Quinta Escena Podcast; no verificable públicamente. El Proa ya localizado y registrado como fuente propia (ver fuente siguiente); el Dossier Viaje Inmóvil sigue sin URL.
FUE-0057,NO ENCONTRADO,Investigación madre Quinta Escena Podcast — perfil 1 (cita Diario El Trabajo),"Proyecto Quinta Escena Podcast, folio 863000",documento-proyecto,F,2026-09-05,0,importacion data/,Documento interno del proyecto Quinta Escena Podcast; no verificable públicamente. Diario El Trabajo ya localizado y registrado como fuente propia (ver fuente siguiente).
FUE-0058,https://centrocultural.sanantonio.cl/index.php/item/3100-san-antonio-da-la-bienvenida-a-septiembre-con-una-amplia-programacion-para-toda-la-familia,San Antonio da la bienvenida a septiembre con una amplia programación para toda la familia,Centro Cultural San Antonio / Ilustre Municipalidad de San Antonio,oficial,B,2026-09-05,0,importacion data/,"Confirma fecha (sábado 5 de septiembre), hora (19:00), lugar (Sala Civita Aranda) y compañía (El Ojo Teatro) de la función, y que la programación de septiembre es gratuita para la comunidad."
FUE-0059,https://teatromuseo.cl/cartelera,Cartelera — Fundación Teatromuseo,Fundación Teatromuseo del Títere y el Payaso,oficial,B,2026-09-05,0,importacion data/,Fecha y hora confirmadas el mismo día del levantamiento en la cartelera oficial del espacio.
FUE-0060,https://www.cultura.gob.cl/agendacultural/festival-caleta-de-titeres-ofrecera-funciones-sobre-lanchas-en-valparaiso/,"Festival ""Caleta de Títeres"" ofrecerá funciones sobre lanchas en Valparaíso","Ministerio de las Culturas, las Artes y el Patrimonio",institucional,A,2026-09-05,0,importacion data/,"Confirma organizadores (ATTICH V, Teatromuseo, Empresa Portuaria Valparaíso, Centex, Seremi de las Culturas), fecha (22 de marzo de 2026) y funciones sobre lanchas."
FUE-0061,https://www.elciudadano.com/arte-cultura/marionetas-se-toman-el-muelle-prat-en-una-nueva-edicion-de-caleta-de-titeres/03/17/,"Marionetas se toman el Muelle Prat en una nueva edición de ""Caleta de Títeres""",El Ciudadano,prensa,C,2026-09-05,0,importacion data/,"Confirma compañías (Talán-Talán, Compañía Terrestre, Lorenzo Títeres, Compañía La Bululú, Compañía La Barconeta) y obras programadas."
FUE-0062,https://diariolaquinta.cl/2026/04/09/festival-litoral-teatral-2026-arranca-este-domingo-en-san-antonio/,Festival Litoral Teatral 2026 arranca este domingo en San Antonio,Diario La Quinta,prensa,C,2026-09-05,0,importacion data/,"Cita textual: ""A 10 años de su primera versión en 2016""; confirma organizador (Centro Cultural San Antonio), financiamiento (Fondo de Artes Escénicas del Ministerio de las Culturas) y funciones del 12, 19, 25 y 26 de abril."
FUE-0063,https://centrocultural.sanantonio.cl/index.php/item/3077-destacadas-obras-trae-a-san-antonio-el-festival-litoral-teatral-2026,Destacadas obras trae a San Antonio el Festival Litoral Teatral 2026,Centro Cultural San Antonio,oficial,B,2026-09-05,0,importacion data/,"Confirma 13 compañías, 12 espectáculos y las funciones del 19, 25 y 26 de abril de 2026."
FUE-0064,https://centrocultural.sanantonio.cl/index.php/item/3079-exito-total-del-festival-litoral-teatral-2026,Éxito total del Festival Litoral Teatral 2026,Centro Cultural San Antonio,oficial,B,2026-09-05,0,importacion data/,Balance final: más de tres mil asistentes; confirma financiamiento del Fondo de Artes Escénicas (postulación 2025) y el marco de la década desde 2016.
FUE-0065,https://elproa.cl/2026/04/circo-y-mascaras-en-la-segunda-semana-del-festival-litoral-teatral/,Circo y máscaras en la segunda semana del Festival Litoral Teatral,El Proa,prensa,C,2026-09-05,0,importacion data/,"Confirma la función del viernes 17 de abril de 2026, 19:00 horas, de Circo Ancestral en Sala Civita Aranda."
FUE-0066,https://festivalteatrocontainer.cl/festival-teatro-container/,VIII Festival Teatro Container 2024,Teatro Container,oficial,B,2026-09-05,0,importacion data/,"Sitio oficial del festival. Confirma fechas (21 al 23 de noviembre de 2024), historia (fundado en 2008, dieciséis años, octava edición) y líneas de programación."
FUE-0067,https://www.elmostrador.cl/cultura/agenda/2024/11/20/festival-teatro-container-en-valparaiso/,Festival Teatro Container en Valparaíso,El Mostrador,prensa,C,2026-09-05,0,importacion data/,"Confirma fechas, financiamiento declarado por el director Nicolás Eyzaguirre y listado de compañías/obras participantes."
FUE-0068,https://g5noticias.cl/2024/11/20/festival-teatro-container-regresa-a-las-calles-de-valparaiso-en-su-octava-version-artes-vivas-comunidad-y-ciudad/,"Festival Teatro Container regresa a las calles de Valparaíso en su octava versión: artes vivas, comunidad y ciudad",G5 Noticias,prensa,C,2026-09-05,0,importacion data/,"Confirma el regreso del festival tras cuatro años sin realizarse y el lema ""Practicar la calle""."
FUE-0069,https://www.cultura.gob.cl/agendacultural/valparaiso-festival-ventolera-celebrara-a-titiriteros-y-marionetistas-de-la-region/,Valparaíso: Festival Ventolera celebrará a titiriteros y marionetistas de la región,"Ministerio de las Culturas, las Artes y el Patrimonio",institucional,A,2026-09-05,0,importacion data/,"Confirma organizador (Asamblea Titiritera ATTICH V con Seremi de las Culturas), fecha, sede y taller con Giovanni Vaccaro."
FUE-0070,https://oaniteatro.com/puerto-a-puerta-valparaiso/,Puerto a Puerta Valparaíso,OANI Teatro,oficial,B,2026-09-05,0,importacion data/,"Sitio oficial de una de las compañías coproductoras. Confirma fechas (1 y 8 de diciembre de 2024), horario, ubicación y coorganizador (Centro Cultural Teatro Container)."
FUE-0071,https://oaniteatro.com/itinerancia-puerto-a-puerta/,"Itinerancia ""Puerto a Puerta""",OANI Teatro,oficial,B,2026-09-05,0,importacion data/,"Describe la itinerancia paralela por El Quisco, El Tabo, San Antonio y Santo Domingo en 2024, financiada por el Fondo Nacional de Fomento y Desarrollo de las Artes Escénicas Itinerantes Regionales (convocatoria 2024)."
FUE-0072,NO ENCONTRADO,Carta de compromiso y autorización de participación — San Antonio.pdf (21 de agosto de 2026),"Proyecto Quinta Escena Podcast, folio 863000",documento-proyecto,F,2026-09-05,0,importacion data/,Documento interno del proyecto Quinta Escena Podcast; no verificable públicamente. Datos personales no replicados.
FUE-0073,NO ENCONTRADO,"Investigación madre Quinta Escena Podcast — perfil 7 (cita El Proa, Dossier Viaje Inmóvil — Llo Lle We, perfil profesional)","Proyecto Quinta Escena Podcast, folio 863000",documento-proyecto,F,2026-09-05,0,importacion data/,Documento interno del proyecto Quinta Escena Podcast; no verificable públicamente. El Proa ya localizado y registrado como fuente propia (ver fuente siguiente); el Dossier Viaje Inmóvil sigue sin URL.
FUE-0074,NO ENCONTRADO,Carta de compromiso y autorización de participación — Putaendo.pdf (19 de agosto de 2026),"Proyecto Quinta Escena Podcast, folio 863000",documento-proyecto,F,2026-09-05,0,importacion data/,Documento interno del proyecto Quinta Escena Podcast; no verificable públicamente. Datos personales no replicados.
FUE-0075,NO ENCONTRADO,"Investigación madre Quinta Escena Podcast — perfil 2 (cita Universidad de Chile, Teatromuseo, Parque Cultural de Valparaíso, Fondos de Cultura resultados 2025, Fundación BAT)","Proyecto Quinta Escena Podcast, folio 863000",documento-proyecto,F,2026-09-05,0,importacion data/,Documento interno del proyecto Quinta Escena Podcast; no verificable públicamente. URLs pendientes de localizar.
FUE-0076,NO ENCONTRADO,Carta de compromiso y autorización de participación — Viña del Mar.pdf (26 de agosto de 2026),"Proyecto Quinta Escena Podcast, folio 863000",documento-proyecto,F,2026-09-05,0,importacion data/,Documento interno del proyecto Quinta Escena Podcast; no verificable públicamente. Datos personales no replicados.
FUE-0077,NO ENCONTRADO,"Investigación madre Quinta Escena Podcast — perfil 6 (cita perfil profesional y Escuela Naval, Academia Cultural 2022)","Proyecto Quinta Escena Podcast, folio 863000",documento-proyecto,F,2026-09-05,0,importacion data/,Documento interno del proyecto Quinta Escena Podcast; no verificable públicamente. Nivel de información medio según la investigación; profundizar.
FUE-0078,NO ENCONTRADO,Carta de compromiso y autorización de participación — Los Andes.pdf (31 de agosto de 2026),"Proyecto Quinta Escena Podcast, folio 863000",documento-proyecto,F,2026-09-05,0,importacion data/,Documento interno del proyecto Quinta Escena Podcast; no verificable públicamente. Documento firmado por la persona. Contiene datos personales que no se replican.
FUE-0079,NO ENCONTRADO,"Investigación madre Quinta Escena Podcast — perfil 1 (cita SIGPA, Diario El Trabajo, Rosa FM)","Proyecto Quinta Escena Podcast, folio 863000",documento-proyecto,F,2026-09-05,0,importacion data/,Documento interno del proyecto Quinta Escena Podcast; no verificable públicamente. Diario El Trabajo ya localizado y registrado como fuente propia (ver fuente siguiente). URL de la ficha SIGPA (CI8699) y de Rosa FM aún pendientes.
FUE-0080,NO ENCONTRADO,Carta de compromiso y autorización de participación — Quillota.pdf (27 de agosto de 2026),"Proyecto Quinta Escena Podcast, folio 863000",documento-proyecto,F,2026-09-05,0,importacion data/,Documento interno del proyecto Quinta Escena Podcast; no verificable públicamente. Datos personales no replicados.
FUE-0081,NO ENCONTRADO,"Investigación madre Quinta Escena Podcast — perfil 4 (cita Antología Enjambre, Fondos de Cultura, Municipalidad de Quillota)","Proyecto Quinta Escena Podcast, folio 863000",documento-proyecto,F,2026-09-05,0,importacion data/,Documento interno del proyecto Quinta Escena Podcast; no verificable públicamente. URLs pendientes; folios de Fondos de Cultura verificables en fondosdecultura.cl.
FUE-0082,NO ENCONTRADO,Carta de compromiso y autorización de participación — La Ligua.pdf (22 de agosto de 2026),"Proyecto Quinta Escena Podcast, folio 863000",documento-proyecto,F,2026-09-05,0,importacion data/,Documento interno del proyecto Quinta Escena Podcast; no verificable públicamente. Datos personales no replicados.
FUE-0083,NO ENCONTRADO,"Investigación madre Quinta Escena Podcast — perfil 3 (cita El Observador, Ministerio de las Culturas — Recolectores de Memoria, Teatro del Silencio)","Proyecto Quinta Escena Podcast, folio 863000",documento-proyecto,F,2026-09-05,0,importacion data/,Documento interno del proyecto Quinta Escena Podcast; no verificable públicamente. Recolectores de Memoria ya localizado y registrado como fuente propia (ver fuente siguiente). Nota de El Observador sobre Valle del Liwa 2024 sigue pendiente.
FUE-0084,https://bitacoraresidencias.cultura.gob.cl/conversaciones-entre-territorios-nelson-rojas-torres-con-vasili-carrillo-nova/,"Conversaciones entre territorios, Nelson Rojas Torres con Vasili Carrillo Nova","Ministerio de las Culturas, las Artes y el Patrimonio — Bitácora Residencias de Arte Colaborativo",institucional,A,2026-09-05,0,importacion data/,"Página institucional dedicada a su participación en la residencia «Recolectores de Memoria» (Lota, 2018), lo describe como «reconocido artista, gestor cultural y dirigente social» de La Ligua."
FUE-0085,NO ENCONTRADO,Carta de compromiso y autorización de participación — Villa alemana.pdf (25 de agosto de 2026),"Proyecto Quinta Escena Podcast, folio 863000",documento-proyecto,F,2026-09-05,0,importacion data/,Documento interno del proyecto Quinta Escena Podcast; no verificable públicamente. Datos personales no replicados.
FUE-0086,NO ENCONTRADO,"Investigación madre Quinta Escena Podcast — perfil 5 (cita Municipalidad de Villa Alemana, Compañía de Teatro Alegría en Perú, Registro de organizaciones Ley 19.862)","Proyecto Quinta Escena Podcast, folio 863000",documento-proyecto,F,2026-09-05,0,importacion data/,Documento interno del proyecto Quinta Escena Podcast; no verificable públicamente. URLs pendientes.
FUE-0087,https://www.patrimonioinmaterial.gob.cl/publicaciones/catalogo-companias-de-teatro-tradicional-de-titeres-region-de-valparaiso,Catálogo Compañías de Teatro Tradicional de Títeres. Región de Valparaíso,Subdirección Nacional de Patrimonio Cultural Inmaterial,institucional,A,2026-09-08,1,Q-0001,NO ENCONTRADO
FUE-0088,https://puntos.cultura.gob.cl/valparaiso/,Puntos de Cultura Validados Región de Valparaíso,"Ministerio de las Culturas, las Artes y el Patrimonio — Programa Puntos de Cultura Comunitaria",institucional,A,2026-09-08,1,Q-0001,"Listado de 87 organizaciones por comuna. La página no describe el ámbito de la mayoría; solo el nombre permite inferirlo, por lo que los ámbitos quedan como 'por confirmar' salvo que el nombre lo diga."
FUE-0089,https://www.cultura.gob.cl/eventos-actividades/mas-de-60-actividades-artisticas-gratuitas-ofrecera-la-red-de-espacios-culturales-de-la-region-de-valparaiso/,Más de 60 actividades artísticas gratuitas ofrecerá la Red de Espacios Culturales de la Región de Valparaíso,"Ministerio de las Culturas, las Artes y el Patrimonio",institucional,A,2026-09-08,1,Q-0001,Nota del 7 de octubre de 2020. Lista los 27 espacios de la Red de Espacios Culturales regional y actividades entre octubre de 2020 y marzo de 2021 sin fechas exactas.
FUE-0090,https://www.cultura.gob.cl/convocatorias/18-espacios-culturales-de-la-region-de-valparaiso-obtienen-recursos-para-su-funcionamiento/,18 espacios culturales de la Región de Valparaíso obtienen recursos para su funcionamiento,"Ministerio de las Culturas, las Artes y el Patrimonio",institucional,A,2026-09-08,1,Q-0001,"Nota del 12 de agosto de 2020. PAOCC 2020, 18 beneficiarios con montos; total regional $290.264.670."
FUE-0091,https://www.cultura.gob.cl/actualidad/fondos-cultura-2025-mas-de-6-mil-millones-para-la-region-de-valparaiso/,Fondos Cultura 2025: más de $ 6 mil millones para la Región de Valparaíso,"Ministerio de las Culturas, las Artes y el Patrimonio",institucional,A,2026-09-08,1,Q-0001,"Nota del 30 de enero de 2025. Fondo de Artes Escénicas: 55 proyectos regionales, $767.716.539. Fondart Regional: 47 proyectos, $694.101.582. Nombra proyectos destacados sin organización responsable."
FUE-0092,https://www.cultura.gob.cl/actualidad/seis-mil-millones-para-la-region-de-valparaiso-entregaran-los-fondos-cultura-2026/,Seis mil millones para la Región de Valparaíso entregarán los Fondos Cultura 2026,"Ministerio de las Culturas, las Artes y el Patrimonio",institucional,A,2026-09-08,1,Q-0001,"Nota del 28 de enero de 2026. Fondo de Artes Escénicas: 43 proyectos regionales, $544.276.713. Fondart Regional: 52 proyectos, $753.978.067."
FUE-0093,https://www.cultura.gob.cl/redcultura/espacios-culturales-bajo-convenio-region-de-valparaiso/,Espacios Culturales Bajo Convenio Región de Valparaíso,"Ministerio de las Culturas, las Artes y el Patrimonio — Programa Red Cultura",institucional,A,2026-09-08,1,Q-0001,Seis espacios bajo convenio Red Cultura.
FUE-0094,https://www.fondosdecultura.cl/wp-content/uploads/2026/01/seleccionados-aaee-2026-enero.pdf,"Nóminas de seleccionados Fondo de Artes Escénicas 2026 (líneas Creación Escénica, Montajes, Circulación Nacional, Difusión Digital, Equipamiento, Investigación, Programas Formativos)","Ministerio de las Culturas, las Artes y el Patrimonio — Fondos Cultura",institucional,A,2026-09-08,5,Q-0061,NO ENCONTRADO
FUE-0095,https://www.fondosdecultura.cl/wp-content/uploads/2025/12/seleccionados-aaee-2026.pdf,"Nóminas de seleccionados Fondo de Artes Escénicas 2026 (Becas Chile Crea, Festivales y Encuentros)","Ministerio de las Culturas, las Artes y el Patrimonio — Fondos Cultura",institucional,A,2026-09-08,5,Q-0061,NO ENCONTRADO
FUE-0096,https://www.fondosdecultura.cl/wp-content/uploads/2026/01/SELECCIONADOS-CIRCULACION-AAEE-2026.pdf,Nómina de seleccionados Línea Circulación Internacional de Artes Escénicas 2026,"Ministerio de las Culturas, las Artes y el Patrimonio — Fondos Cultura",institucional,A,2026-09-08,5,Q-0061,NO ENCONTRADO
FUE-0097,https://www.fondosdecultura.cl/wp-content/uploads/2026/01/seleccionados-fondart-regional-2026.pdf,Nóminas de seleccionados Fondart Regional 2026,"Ministerio de las Culturas, las Artes y el Patrimonio — Fondos Cultura",institucional,A,2026-09-08,5,Q-0061,NO ENCONTRADO
FUE-0098,https://www.fondosdecultura.cl/wp-content/uploads/2025/01/SELECCIONADOS-FAAEE-2025.pdf,Nóminas de seleccionados Fondo de Artes Escénicas 2025 (líneas notificadas en enero 2025),"Ministerio de las Culturas, las Artes y el Patrimonio — Fondos Cultura",institucional,A,2026-09-08,5,Q-0058,NO ENCONTRADO
FUE-0099,https://www.fondosdecultura.cl/wp-content/uploads/2024/12/SELECCIONADOS-AAEE-2025.pdf,Nóminas de seleccionados Fondo de Artes Escénicas 2025 (líneas notificadas en diciembre 2024),"Ministerio de las Culturas, las Artes y el Patrimonio — Fondos Cultura",institucional,A,2026-09-08,5,Q-0058,NO ENCONTRADO
FUE-0100,https://www.fondosdecultura.cl/wp-content/uploads/2025/01/Seleccion-FR-enero.pdf,Nómina de seleccionados Fondart Regional 2025 (enero 2025),"Ministerio de las Culturas, las Artes y el Patrimonio — Fondos Cultura",institucional,A,2026-09-08,5,Q-0058,NO ENCONTRADO
FUE-0101,https://www.fondosdecultura.cl/wp-content/uploads/2024/12/SELECCIONADOS-FONDART-REGIONAL-2025.pdf,Nómina de seleccionados Fondart Regional 2025 (diciembre 2024),"Ministerio de las Culturas, las Artes y el Patrimonio — Fondos Cultura",institucional,A,2026-09-08,5,Q-0058,NO ENCONTRADO
FUE-0102,https://www.fondosdecultura.cl/wp-content/uploads/2025/01/SELECCIONADOS-FN-2025.pdf,"Nómina de seleccionados Fondart Nacional 2025 (Creación Artística, Infraestructura Cultural)","Ministerio de las Culturas, las Artes y el Patrimonio — Fondos Cultura",institucional,A,2026-09-08,5,Q-0063,NO ENCONTRADO
FUE-0103,https://www.fondosdecultura.cl/wp-content/uploads/2024/12/SELECCIONADOS-2025-FN-BCC.pdf,Nómina de seleccionados Fondart Nacional 2025 — Becas Chile Crea,"Ministerio de las Culturas, las Artes y el Patrimonio — Fondos Cultura",institucional,A,2026-09-08,5,Q-0063,NO ENCONTRADO
FUE-0104,https://www.fondosdecultura.cl/wp-content/uploads/2024/03/SELECCIONADOS-FC2024-AAEE.pdf,Nómina de seleccionados Fondo Nacional de las Artes Escénicas 2024 (marzo 2024),"Ministerio de las Culturas, las Artes y el Patrimonio — Fondos Cultura",institucional,A,2026-09-08,5,Q-0059,NO ENCONTRADO
FUE-0105,https://www.fondosdecultura.cl/wp-content/uploads/2023/12/SELECCIONADOS-FC2024_AAEE.pdf,Nómina de seleccionados Fondo Nacional de las Artes Escénicas 2024 (diciembre 2023),"Ministerio de las Culturas, las Artes y el Patrimonio — Fondos Cultura",institucional,A,2026-09-08,5,Q-0059,NO ENCONTRADO
FUE-0106,https://www.fondosdecultura.cl/wp-content/uploads/2024/08/SELECCIONADOS-RESIDENCIAS-AAEE.pdf,Seleccionados Programa de Residencias Internacionales en Artes Escénicas 2024,"Ministerio de las Culturas, las Artes y el Patrimonio — Fondos Cultura",institucional,A,2026-09-08,5,Q-0059,NO ENCONTRADO
FUE-0107,https://www.fondosdecultura.cl/wp-content/uploads/2024/06/NominaSeleccionados-Paocc_teatro.pdf,Nómina de seleccionados Convocatoria Compañías de trayectoria de artes escénicas (PAOCC) 2024,"Ministerio de las Culturas, las Artes y el Patrimonio — Fondos Cultura",institucional,A,2026-09-08,5,Q-0009,NO ENCONTRADO
FUE-0108,https://www.fondosdecultura.cl/wp-content/uploads/2024/02/SELECCIONADOS-LINEA-DE-ASISTENCIA-A-INSTANCIAS-INTERNACIONALES.pdf,Seleccionados Línea Asistencia a Instancias Internacionales en Artes Escénicas 2024,"Ministerio de las Culturas, las Artes y el Patrimonio — Fondos Cultura",institucional,A,2026-09-08,5,Q-0059,NO ENCONTRADO
FUE-0109,https://www.fondosdecultura.cl/wp-content/uploads/2024/01/Resultados-1er-llamado-CirculacionInternacioanlAAEE2024.pdf,Resultados primer llamado Circulación Internacional de Artes Escénicas 2024,"Ministerio de las Culturas, las Artes y el Patrimonio — Fondos Cultura",institucional,A,2026-09-08,5,Q-0059,NO ENCONTRADO
FUE-0110,https://www.fondosdecultura.cl/wp-content/uploads/2024/05/Nomina-SELECCIONADOS-2doLLAMADO2024.pdf,Nómina de seleccionados segundo llamado Circulación Internacional de Artes Escénicas 2024,"Ministerio de las Culturas, las Artes y el Patrimonio — Fondos Cultura",institucional,A,2026-09-08,5,Q-0059,NO ENCONTRADO
FUE-0111,https://www.fondosdecultura.cl/wp-content/uploads/2024/01/SELECCIONADOS-MND-2023_AAEE-RESULTADOS-MND.pdf,Seleccionados XXI Muestra Nacional de Dramaturgia,"Ministerio de las Culturas, las Artes y el Patrimonio — Fondos Cultura",institucional,A,2026-09-08,5,Q-0059,NO ENCONTRADO
FUE-0112,https://www.fondosdecultura.cl/wp-content/uploads/2024/01/SELECCIONADOS-EC-2023_AAEE.pdf,Seleccionados X Encuentros Coreográficos Nacionales,"Ministerio de las Culturas, las Artes y el Patrimonio — Fondos Cultura",institucional,A,2026-09-08,5,Q-0059,NO ENCONTRADO
FUE-0113,https://www.fondosdecultura.cl/wp-content/uploads/2024/03/SELECCIONADOS-FDRT-REGIONAL2024-SEGUNDO-LLAMADO.pdf,Seleccionados Fondart Regional 2024 segundo llamado (marzo 2024),"Ministerio de las Culturas, las Artes y el Patrimonio — Fondos Cultura",institucional,A,2026-09-08,5,Q-0059,NO ENCONTRADO
FUE-0114,https://www.fondosdecultura.cl/wp-content/uploads/2023/12/SELECCION-FDRT-REGIONAL2024-EXENTA-RESULTADOS-DICIEMBRE-2023.pdf,Selección Fondart Regional 2024 (resultados diciembre 2023),"Ministerio de las Culturas, las Artes y el Patrimonio — Fondos Cultura",institucional,A,2026-09-08,5,Q-0059,NO ENCONTRADO
FUE-0115,https://www.fondosdecultura.cl/wp-content/uploads/2024/03/Seleccionados-FN-2024-2DA.pdf,Seleccionados Fondart Nacional 2024 — Creación artística e Infraestructura cultural (marzo 2024),"Ministerio de las Culturas, las Artes y el Patrimonio — Fondos Cultura",institucional,A,2026-09-08,5,Q-0063,NO ENCONTRADO
FUE-0116,https://www.fondosdecultura.cl/wp-content/uploads/2023/12/seleccionados-FN-2024.pdf,Seleccionados Fondart Nacional 2024 — Becas Chile Crea e Investigación (diciembre 2023),"Ministerio de las Culturas, las Artes y el Patrimonio — Fondos Cultura",institucional,A,2026-09-08,5,Q-0063,NO ENCONTRADO
FUE-0117,https://www.fondosdecultura.cl/wp-content/uploads/2023/01/SELECCIONADOS-AAEE-2023.pdf,Seleccionados Fondo de Artes Escénicas 2023,"Ministerio de las Culturas, las Artes y el Patrimonio — Fondos Cultura",institucional,A,2026-09-08,5,Q-0060,NO ENCONTRADO
FUE-0118,https://www.fondosdecultura.cl/wp-content/uploads/2022/12/SELECCIONADOS-AAEE-FESTIVALES-ENCUENTROS-2023.pdf,Seleccionados Fondo de Artes Escénicas 2023 — Festivales y Encuentros,"Ministerio de las Culturas, las Artes y el Patrimonio — Fondos Cultura",institucional,A,2026-09-08,5,Q-0060,NO ENCONTRADO
FUE-0119,https://www.fondosdecultura.cl/wp-content/uploads/2023/02/SELECCIONADOS-CIRCULACION-INTERNACIONAL-2023.pdf,Seleccionados Circulación Internacional de Artes Escénicas 2023 (primer llamado),"Ministerio de las Culturas, las Artes y el Patrimonio — Fondos Cultura",institucional,A,2026-09-08,5,Q-0060,NO ENCONTRADO
FUE-0120,https://www.fondosdecultura.cl/wp-content/uploads/2023/05/Seleccionados-2dollamado-Circulacion-inter-AAEE2023-1.pdf,Seleccionados Circulación Internacional de Artes Escénicas 2023 (segundo llamado),"Ministerio de las Culturas, las Artes y el Patrimonio — Fondos Cultura",institucional,A,2026-09-08,5,Q-0060,NO ENCONTRADO
FUE-0121,https://www.fondosdecultura.cl/wp-content/uploads/2023/01/seleccionados-FN-2023.pdf,Seleccionados Fondart Nacional 2023,"Ministerio de las Culturas, las Artes y el Patrimonio — Fondos Cultura",institucional,A,2026-09-08,5,Q-0063,NO ENCONTRADO
FUE-0122,https://www.fondosdecultura.cl/wp-content/uploads/2023/01/seleccionados-fondart-regional-2023.pdf,Seleccionados Fondart Regional 2023,"Ministerio de las Culturas, las Artes y el Patrimonio — Fondos Cultura",institucional,A,2026-09-08,5,Q-0060,NO ENCONTRADO
FUE-0123,https://www.fondosdecultura.cl/wp-content/uploads/2022/12/SELECCIONADOS-FREGIONAL-FESTIVALES-2023.pdf,"Seleccionados Fondart Regional 2023 — Festivales, Mercados, Ferias y Exposiciones","Ministerio de las Culturas, las Artes y el Patrimonio — Fondos Cultura",institucional,A,2026-09-08,5,Q-0060,NO ENCONTRADO
FUE-0124,https://www.fondosdecultura.cl/wp-content/uploads/2022/01/SELECCIONADOS-FAAEE-2022.pdf,Seleccionados Fondo de Artes Escénicas 2022,"Ministerio de las Culturas, las Artes y el Patrimonio — Fondos Cultura",institucional,A,2026-09-08,5,Q-0060,NO ENCONTRADO
FUE-0125,https://www.fondosdecultura.cl/wp-content/uploads/2021/12/SELECCIONADOS-FAAEE-2022-Festivales.pdf,Seleccionados Fondo de Artes Escénicas 2022 — Festivales y Encuentros,"Ministerio de las Culturas, las Artes y el Patrimonio — Fondos Cultura",institucional,A,2026-09-08,5,Q-0060,NO ENCONTRADO
FUE-0126,https://www.fondosdecultura.cl/wp-content/uploads/2022/06/SELECCIONADOS-FAAEE22-CIRCULACION_INTERv2.pdf,Seleccionados Circulación Internacional de Artes Escénicas 2022,"Ministerio de las Culturas, las Artes y el Patrimonio — Fondos Cultura",institucional,A,2026-09-08,5,Q-0060,NO ENCONTRADO
FUE-0127,https://www.fondosdecultura.cl/wp-content/uploads/2022/01/SELECCIONADOS-FNACIONAL-2022.pdf,Seleccionados Fondart Nacional 2022,"Ministerio de las Culturas, las Artes y el Patrimonio — Fondos Cultura",institucional,A,2026-09-08,5,Q-0063,NO ENCONTRADO
FUE-0128,https://www.fondosdecultura.cl/wp-content/uploads/2021/12/NOMINA_SELECCIONADOS-FN22_FESTIVALES.pdf,"Seleccionados Fondart Nacional 2022 — Festivales, Ferias y Encuentros","Ministerio de las Culturas, las Artes y el Patrimonio — Fondos Cultura",institucional,A,2026-09-08,5,Q-0063,NO ENCONTRADO
FUE-0129,https://www.fondosdecultura.cl/wp-content/uploads/2022/01/SELECCIONADOS-FREGIONAL2022.pdf,Seleccionados Fondart Regional 2022,"Ministerio de las Culturas, las Artes y el Patrimonio — Fondos Cultura",institucional,A,2026-09-08,5,Q-0060,NO ENCONTRADO
FUE-0130,https://www.fondosdecultura.cl/wp-content/uploads/2021/12/RESULTADOS-FDRT-REGIONAL2022.pdf,"Resultados Fondart Regional 2022 — Festivales, Ferias y Carnavales","Ministerio de las Culturas, las Artes y el Patrimonio — Fondos Cultura",institucional,A,2026-09-08,5,Q-0060,NO ENCONTRADO
FUE-0131,https://centex.cultura.gob.cl/con-ocho-montajes-en-ocho-espacios-distintos-valparaiso-celebra-mes-del-teatro/,Ciudad Teatro: con ocho montajes en ocho espacios distintos Valparaíso celebra el Mes del Teatro,"Centex — Centro de Extensión del Ministerio de las Culturas, las Artes y el Patrimonio",institucional,A,2026-09-08,3,Q-0024,Nota de 2025 con programa completo: 8 funciones entre el 5 y el 11 de mayo de 2025 en Valparaíso. Gratuidad no especificada.
FUE-0132,https://centex.cultura.gob.cl/evento/ciudad-teatro/,Ciudad Teatro — Centex,"Centex — Ministerio de las Culturas, las Artes y el Patrimonio",institucional,A,2026-09-08,3,Q-0024,NO ENCONTRADO
FUE-0133,https://valpocultura.cl/eventos/categoria/teatro/,Eventos › Teatro — Valpocultura,Valpocultura,directorio,E,2026-09-08,3,Q-0024,"Agenda cultural agregadora; consultada en septiembre de 2026 (35 eventos, la mayoría entradas de la cartelera de la Sala Negra UV)."
FUE-0134,https://www.telon.cl/noticias/tags/valpara%C3%ADso,Valparaíso | Cartelera — Telón.cl,Telón.cl,prensa,C,2026-09-08,3,Q-0024,"Índice de noticias etiquetadas Valparaíso (2018–2024); las notas individuales no indican año en el índice, por eso no se registran funciones desde aquí."
FUE-0135,https://historiadelteatroenvalparaiso.cl/,Historia del teatro en Valparaíso (plataforma digital),"historiadelteatroenvalparaiso.cl (proyecto de Verónica Sentis Herrmann, Fondo de Artes Escénicas 2025)",academico,C,2026-09-08,5,Q-0058,"El sitio prohíbe el acceso de agentes automáticos (robots.txt: ClaudeBot Disallow) y su señal de contenido es 'use=reference'; por respeto a esa política no se extrajo contenido. Queda como referencia para consulta manual: panoramas por década, salas creadas por período, compañías."
FUE-0136,https://g5noticias.cl/2026/05/07/ciudad-teatro-2026-vuelve-el-encuentro-territorial-de-teatro-porteno-con-8-montajes-en-20-dias-a-precios-populares/,CIUDAD TEATRO 2026: Vuelve el encuentro territorial de teatro porteño con 8 montajes en 20 días a precios populares,G5noticias,prensa,C,2026-09-08,4,Q-0042,Nota del 7 de mayo de 2026. Programa completo del 8 al 28 de mayo de 2026; organiza Sala Pascal 79 con financiamiento PAOCC. No indica precios ni direcciones escénicas.
FUE-0137,https://teatrovina.cl/,Teatro Municipal Viña del Mar (sitio oficial),Teatro Municipal de Viña del Mar — Municipalidad de Viña del Mar,oficial,B,2026-09-08,4,Q-0042,"Consultado en septiembre de 2026: dirección, contacto institucional y programación del mes."
FUE-0138,https://comunitariolascanas.cl/,Centro Comunitario Las Cañas (sitio oficial),Centro Comunitario Las Cañas,oficial,B,2026-09-08,4,Q-0042,"La sección Programación describe talleres, residencias y escuela de verano sin fechas exactas."
FUE-0139,https://www.instagram.com/comunitariolascanas/,Centro Comunitario Las Cañas (@comunitariolascanas),Instagram,red-social,D,2026-09-08,4,Q-0042,Cuenta localizada vía buscador; no se abrió directamente.
FUE-0140,https://g5noticias.cl/2026/09/04/puntos-de-fuga-llega-este-sabado-a-la-calera-con-musica-teatro-y-folclor-de-tres-comunas/,"Puntos de Fuga llega este sábado a La Calera con música, teatro y folclor de tres comunas",G5noticias,prensa,C,2026-09-08,9,Q-0296,"Nota del 4 de septiembre de 2026. 'Trenzando Puntos de Fuga' es una iniciativa de la Red Ramal Cultural articulada con la Seremi de las Culturas y las municipalidades; 2025 primera etapa, 2026 segunda con 12 comunas: Quintero, Concón, Zapallar, Olmué, La Calera, Quillota, Papudo, Petorca, Cabildo, Puchuncaví, La Cruz y Limache."
FUE-0141,https://www.munipuchuncavi.cl/2.0/sitio10/index.php?subaction=sh&num=283,Compañía de Teatro Puquigre continúa celebrando sus 35 años de vida (nota municipal),Ilustre Municipalidad de Puchuncaví,institucional,A,2026-09-08,9,Q-0296,"La nota no muestra fecha; menciona función del 10 de junio en el Gimnasio Municipal de Puchuncaví y del sábado 1 de julio, 19:00, en la sede Caracol de Horcón, con 'La Mariita'."
FUE-0142,https://munipuchuncavi.cl/2.0/sitio10/index.php?num=270,Municipalidad de Puchuncaví — nota sobre la Compañía de Teatro PUQUIGRE,Ilustre Municipalidad de Puchuncaví,institucional,A,2026-09-08,9,Q-0296,"Según el resumen del buscador: 'agrupación de vecinos de Puchuncaví, Quintero y La Greda… desde 1982'. Al abrir la página el contenido visible no incluía ese párrafo; el dato queda como pendiente de confirmación directa."
FUE-0143,https://www.munipuchuncavi.cl/pdf/organizaciones/organizacionescom2025.pdf,Registro de organizaciones comunitarias 2025 — Municipalidad de Puchuncaví,Ilustre Municipalidad de Puchuncaví,institucional,A,2026-09-08,9,Q-0296,"Según el buscador, registra 'Grupo de Teatro Cultural y Social Puquigre'. PDF no abierto directamente."
FUE-0144,https://diariolaquinta.cl/2025/07/29/cultura-terrapolis-obra-que-aborda-la-crisis-medioambiental-de-quintero-y-puchuncavi-vuelve-a-la-region-de-valparaiso/,'Terrapolis': Obra que aborda la crisis medioambiental de Quintero y Puchuncaví vuelve a la Región de Valparaíso,Diario La Quinta,prensa,C,2026-09-08,9,Q-0296,Nota del 29 de julio de 2025 con gira regional de agosto de 2025.
FUE-0145,https://culturizarte.cl/terrapolis-obra-que-aborda-la-crisis-medioambiental-de-quintero-y-puchuncavi-continua-su-recorrido-tras-estreno-en-santiago-con-foro-medioambiental-en-centro-cultural-de-espana/,Terrapolis continúa su recorrido tras estreno en Santiago,Culturizarte,prensa,C,2026-09-08,9,Q-0296,Solo resumen del buscador: la obra se exhibió en Quintero en colaboración con el Centro Cultural Alejandro Castro.
FUE-0146,https://chilecultura.gob.cl/events/10550/,"La Plaza, de la Compañía de Marionetas Moviendo Hilos, en la comuna de Putaendo","Chile Cultura — Ministerio de las Culturas, las Artes y el Patrimonio",institucional,A,2026-09-08,9,Q-0296,"Ficha de evento: 12 de marzo de 2021, 15:00, Escuela María Leiva de Las Coimas, Putaendo; gratuito; 40 minutos; organiza Escenalborde en el programa Artes Escénicas Itinerantes Regionales."
FUE-0147,https://eltrabajo.cl/web/primera-edicion-del-festival-escolar-de-teatro-se-realizo-con-exito-en-putaendo/,Primera edición del Festival Escolar de Teatro se realizó con éxito en Putaendo,Diario El Trabajo (San Felipe),prensa,C,2026-09-08,9,Q-0296,Nota del 29 de agosto de 2024.
FUE-0148,https://municipiocabildo.cl/teatro-municipal/,Teatro Municipal de Cabildo — Municipio de Cabildo,Ilustre Municipalidad de Cabildo,institucional,A,2026-09-08,9,Q-0296,"Ficha oficial del teatro: dirección, capacidad 350, historia (cine desde los años 1920, edificio actual de 1956), administración por la Unidad de Deportes, Turismo, Cultura y Recreación."
FUE-0149,https://magazine.cranberrychic.com/culto-2024-en-el-teatro-de-zapallar/,Culto 2024 en el Teatro de Zapallar,Cranberry Chic (revista),prensa,C,2026-09-08,9,Q-0296,"Octava Quincena Cultural de Zapallar, 30 de diciembre de 2023 al 14 de enero de 2024, en el Teatro de Zapallar, administrado por la Fundación Municipal de Cultura de Zapallar."
FUE-0150,https://www.munizapallar.cl/historia,Historia — Ilustre Municipalidad de Zapallar,Ilustre Municipalidad de Zapallar,institucional,A,2026-09-08,9,Q-0296,"Según el buscador, la primera iglesia de Zapallar es el actual Teatro de Zapallar; la página no pudo leerse completa (contenido truncado)."
FUE-0151,https://registros19862.gob.cl/institucion/65161461/ficha,Fundación Municipal de Cultura de Zapallar — Registro Ley 19.862,Registro de Personas Jurídicas Receptoras de Fondos Públicos (Ley 19.862),institucional,A,2026-09-08,9,Q-0296,Ficha registral (RUT 65.161.461-9); no abierta directamente.
FUE-0152,https://ccac.resistencias.net/,Centro Cultural Alejandro Castro,Centro Cultural Alejandro Castro,oficial,B,2026-09-08,9,Q-0296,"Sitio propio: homenaje a un activista contra la contaminación de la bahía; parte del proyecto 'Las resistencias que reparan'. Facebook @CCAC2021, Instagram @ccac_2821. No indica comuna ni dirección."
FUE-0153,https://www.instagram.com/rec_regvalparaiso/,Red de Espacios Culturales de Valparaíso (@rec_regvalparaiso),Instagram,red-social,D,2026-09-08,9,Q-0296,"Según el resumen del buscador: fundada en 2014 en el marco de Red Cultura; 34 espacios en cinco territorios (Ramal, Valle del Aconcagua, Viña del Mar, Valparaíso, Litoral de los Poetas)."
FUE-0154,https://festivalvalledelliwa.cl/wp-content/uploads/2024/02/Bases-Convocatoria-2024.pdf,Bases Convocatoria 4º Festival de Teatro y Todas las Artes Valle del Liwa (2024),Festival Valle del Liwa,oficial,B,2026-09-08,9,Q-0296,"El dominio festivalvalledelliwa.cl no resolvía en septiembre de 2026 (DNS); datos del resumen del buscador: cuarta versión 2024, cerca de 100 artistas, cada compañía debe realizar una mediación en establecimiento educacional o sector comunitario."
FUE-0155,https://g5noticias.cl/2026/09/08/el-centro-cultural-leopoldo-silva-reynoard-despliega-una-variada-cartelera-de-arte-cine-teatro-y-folklore-para-esta-semana/,"El Centro Cultural Leopoldo Silva Reynoard despliega una variada cartelera de arte, cine, teatro y folklore para esta semana",G5noticias,prensa,C,2026-09-08,3,Q-0038,Nota del 8 de septiembre de 2026 (programación municipal de Quillota).
FUE-0156,https://chilecultura.gob.cl/events/3197/,Ciclo de Teatro Familiar de Quillota,"Chile Cultura — Ministerio de las Culturas, las Artes y el Patrimonio",institucional,A,2026-09-08,3,Q-0038,"Ficha de evento de 2019: cuatro obras en tres días (18, 19 y 20 de julio de 2019), $2.000, Centro Cultural Leopoldo Silva Reynoard, Avenida 21 de Mayo 200, Quillota. La ficha no asigna cada obra a un día."
FUE-0157,https://www.diariovtv.cl/categoria/provincia-los-andes/teatro-musica-acercan-escolares-andes-cuidado-rio-aconcagua,Con teatro y música acercan a escolares de Los Andes al cuidado del río Aconcagua,Diario VTV (Provincia de Los Andes),prensa,C,2026-09-08,3,Q-0038,"Nota del 4 de septiembre de 2026: ciclo 'Patio Cultural', financiado por Codelco División Andina y la Junta de Vigilancia de la Primera Sección del Río Aconcagua; unos 250 estudiantes de cinco colegios básicos de Los Andes; la obra continuará itinerancia por establecimientos de la cuenca del Aconcagua."
FUE-0158,http://www.losandesonline.cl/noticias/30009/teatro-a-mil-se-presentara-en-rinconada.html,Teatro a Mil se presentará en Rinconada,Los Andes Online,prensa,C,2026-09-08,3,Q-0038,"Nota del 7 de enero de 2016: Fundación Teatro a Mil, funciones gratuitas del 3 al 25 de enero de 2016 en siete comunas de la región."
FUE-0159,https://quillota.cl/municipalidad/wp-content/uploads/2025/08/Quillota-Cultural-JULIO_-2025.pdf,Quillota Cultural — julio 2025 (publicación digital mensual de la Dirección de Cultura),Ilustre Municipalidad de Quillota — Dirección de Cultura,institucional,A,2026-09-08,9,Q-0344,"Boletín de 112 páginas leído con PyMuPDF. Contiene estreno de 'El motín contra Portales' (12 de julio de 2025), actividades del Taller Municipal de Teatro, 'Tibia' y el XXI Festival Nacional de Danza de Los Andes."
FUE-0160,https://quillota.cl/municipalidad/wp-content/uploads/2025/10/Quillota-Cultural-septiembre_-2025.pdf,Quillota Cultural — septiembre 2025 (publicación digital mensual de la Dirección de Cultura),Ilustre Municipalidad de Quillota — Dirección de Cultura,institucional,A,2026-09-08,9,Q-0344,"Boletín de 105 páginas leído con PyMuPDF. Seminario de voz del Taller Municipal de Teatro (Pablo Valencia), salida pedagógica al Teatro Municipal de Viña del Mar ('El Húsar de la Muerte', La Patogallina, 30 de septiembre de 2025)."
FUE-0161,https://www.losandes.cl/municipalidad-de-los-andes-presenta-obra-de-teatro-en-centro-cultural/,Municipalidad de Los Andes presenta obra de teatro en Centro Cultural,Ilustre Municipalidad de Los Andes,institucional,A,2026-09-08,9,Q-0344,"Nota del 29 de marzo de 2022: 'El Invitado' de Juan Radrigán, miércoles 30 de marzo de 2022, 20:00, Anfiteatro Patio Las Heras del Centro Cultural de Los Andes (Esmeralda 536), gratuita."
FUE-0162,https://www.observador.cl/municipalidad-de-la-cruz-proyecta-un-2025-prometedor-en-cultura/,Municipalidad de La Cruz proyecta un 2025 prometedor en cultura,El Observador (Quillota),prensa,C,2026-09-08,9,Q-0344,"Nota del 8 de enero de 2025: 'ciclo de teatro con participación de niñas, niños y actores profesionales' y talleres ampliados en artes escénicas; encargado de Cultura Salvador Spíndola. Sin nombres de compañías ni obras."
FUE-0163,https://www.preludioradio.cl/teatro-municipal-de-san-felipe-en-vacaciones-de-invierno-presenta-espectaculos-gratuitos-para-toda-la-familia/,Teatro Municipal de San Felipe en vacaciones de invierno presenta espectáculos gratuitos para toda la familia,Preludio Radio,prensa,C,2026-09-08,9,Q-0344,"Nota del 23 de junio de 2026: programa del 23 al 26 de junio de 2026; dirección 'Arturo Prat 1111, San Felipe'; director del teatro Francisco Alarcón."
FUE-0164,https://www.elinformador.cl/comunas-de-aconcagua/hasta-el-teatro-municipal-de-san-felipe-llegara-toda-la-magia-de-aladino/,Hasta el Teatro Municipal de San Felipe llegará toda la magia de Aladino,El Informador (Aconcagua),prensa,C,2026-09-08,9,Q-0344,"Nota del 22 de agosto de 2018: 'Aladino' de Morro Producciones (Santiago), sábado 25 de agosto de 2018, 12:00, aniversario 278 de San Felipe."
FUE-0165,https://valparaisoregion.org/tour/teatro-municipal-san-felipe/,Teatro Municipal — San Felipe — Valparaíso Región,valparaisoregion.org (directorio turístico),directorio,E,2026-09-08,9,Q-0344,"Indica dirección 'Salinas 1211, San Felipe' (contradice a Preludio Radio: 'Arturo Prat 1111'); el contacto listado es del directorio, no del teatro."
FUE-0166,https://www.instagram.com/teatromunisanfelipe/,Teatro Municipal de San Felipe (@teatromunisanfelipe),Instagram,red-social,D,2026-09-08,9,Q-0344,Cuenta localizada vía buscador; no abierta.
FUE-0167,https://centrocultural.sanantonio.cl/index.php/item/2966-festival-de-teatro-litoral-teatral-2024,Festival de Teatro Litoral Teatral 2024,Centro Cultural San Antonio,oficial,A,2026-09-08,4,Q-0047,"Festival del 10 al 21 de enero de 2024; actividades al aire libre gratuitas, funciones en sala con reserva; las fechas por obra no aparecen en la nota."
FUE-0168,https://municipalidadcasablanca.cl/index.php?Itemid=109&catid=8&id=1600%3Aconoce-todo-lo-que-trae-teatro-a-mil-para-casablanca&option=com_content&view=article,Conoce todo lo que trae Teatro a Mil para Casablanca,Ilustre Municipalidad de Casablanca,institucional,A,2026-09-08,4,Q-0047,Nota del 15 de enero de 2025; el municipio lleva 10 años con el convenio Teatro a Mil.
FUE-0169,https://eltrabajo.cl/web/dia-mundial-del-titere-cultores-del-valle-destacan-importancia-de-este-arte-en-la-comunidad/,Día Mundial del Títere: Cultores del valle destacan importancia de este arte en la comunidad,Diario El Trabajo (San Felipe),prensa,C,2026-09-08,4,Q-0047,Nota del 22 de marzo de 2026 con perfiles de Nina Legrand (San Felipe) y Hugo Hernández Urtubia (Los Andes).
FUE-0170,https://eltrabajo.cl/portal/vuelve-teatro-infantil-con-cuentacuentos-al-teatro-municipal-de-san-felipe/,Vuelve Teatro Infantil con Cuentacuentos al Teatro Municipal de San Felipe,Diario El Trabajo (San Felipe),prensa,C,2026-09-08,4,Q-0047,"Nota del 20 de octubre de 2022: ciclo Teatro Infantil (último sábado de cada mes), 'Fábulas fabulosas' el 22 de octubre de 2022, 12:00, entrada liberada."
FUE-0171,https://www.observador.cl/villalemanina-estrena-obra-en-la-region-de-valparaiso/,Villalemanina estrena obra en la Región de Valparaíso,El Observador (Quillota),prensa,C,2026-09-08,9,Q-0176,"Nota del 10 de abril de 2025: estreno de 'El Tiempo No Espera' en el Centro Cultural Gabriela Mistral de Villa Alemana y gira gratuita (Quillota 29 de mayo, Quilpué 6 de junio, Valparaíso Profundo 28 de junio, Parque Cultural 18 de julio de 2025)."
FUE-0172,https://www.observador.cl/dramaturga-villalemanina-presenta-obra-en-el-teatro-de-valparaiso/,Dramaturga villalemanina presenta obra en el Teatro de Valparaíso,El Observador (Quillota),prensa,C,2026-09-08,9,Q-0176,"Nota del 7 de agosto de 2025: función en el Teatro Municipal de Valparaíso, 7 de agosto de 2025, 16:30, entrada liberada."
FUE-0173,https://valparaisoregion.org/tour/obra-de-teatro-concon-el-regreso-concon/,Obra de teatro Concón el regreso — Concón,valparaisoregion.org (directorio turístico),directorio,E,2026-09-08,9,Q-0176,"Ficha de evento sin año: 'sábado 13 de enero, 21:00' (el 13 de enero cayó sábado en 2024; año inferido, por confirmar). Patio de los Copihues, Iglesia Nuestra Señora de Las Mercedes, Av. Marotto 950, Concón; entrada liberada."
FUE-0174,http://quillotaenlahistoria.blogspot.com/2019/09/el-teatro-en-quillota-iniciando-el.html?m=1,"El Teatro en Quillota, iniciando el siglo 21 (Notas Históricas y Literarias de Quillota)",Ivo Herrera Ávila (blog Quillota en la Historia),otro,E,2026-09-08,9,Q-0176,Texto del 1 de septiembre de 2019 de Ivo Herrera Ávila (director teatral quillotano). Fuente secundaria de memoria local; requiere contraste.
FUE-0175,https://www.cultura.gob.cl/eventos-actividades/mes-del-teatro-se-conmemorara-con-nuevos-estrenos-teatro-familiar-y-obras-inclusivas/,"Mes del Teatro se conmemorará con nuevos estrenos, teatro familiar y obras inclusivas","Ministerio de las Culturas, las Artes y el Patrimonio",institucional,A,2026-09-08,9,Q-0176,Nota del 10 de mayo de 2022 con la programación regional del Mes del Teatro (11 al 28 de mayo de 2022).
FUE-0176,https://teatroamil.cl/articulos/festival-sintesis-teatral-valparaiso-2019/,Festival Síntesis encabeza celebración del Día Nacional del Teatro en Valparaíso,Fundación Teatro a Mil,prensa,C,2026-09-08,4,Q-0041,"Cuarta versión (2019): 6 al 26 de mayo, 23 obras, 5 estrenos, más de 30 presentaciones en 8 espacios; extensión a San Antonio, Quillota, Quilpué, San Felipe y Olmué."
FUE-0177,https://parquecultural.cl/2019/05/03/festival-sintesis-teatral-valparaiso-encabeza-celebracion-del-mes-del-teatro/,Festival Síntesis Teatral Valparaíso encabeza celebración del mes del teatro,Parque Cultural de Valparaíso,institucional,A,2026-09-08,4,Q-0041,Nota del 3 de mayo de 2019; organiza Laboratorio Anatomía Teatral (dir. Claudio Rodríguez); programa completo en laboratorioanatomiateatral.cl/folleto-fstv19.
FUE-0178,https://parquecultural.cl/2020/05/10/festival-sintesis-teatral-valparaiso-adapta-su-programacion-y-formato-para-celebrar-primera-version-via-streaming/,Festival Síntesis Teatral Valparaíso adapta su programación y formato para celebrar primera versión vía streaming,Parque Cultural de Valparaíso,institucional,A,2026-09-08,4,Q-0041,"Quinta versión (mayo de 2020) por streaming, producida por Parque Cultural, Centex y Laboratorio Anatomía Teatral (según resumen del buscador)."
FUE-0179,https://www.munivina.cl/noticias/teatro-municipal-de-vina-del-mar-inicia-el-2026-con-espectaculares-conciertos-teatro-danza-y-humor/,"Teatro Municipal de Viña del Mar inicia el 2026 con espectaculares conciertos, teatro, danza y humor",Ilustre Municipalidad de Viña del Mar,institucional,A,2026-09-08,4,Q-0041,Nota del 9 de enero de 2026.
FUE-0180,https://www.munivina.cl/noticias/teatro-municipal-de-vina-del-mar-lanza-temporada-2026-con-mas-de-60-espectaculos/,Teatro Municipal de Viña del Mar lanza temporada 2026 con más de 60 espectáculos,Ilustre Municipalidad de Viña del Mar,institucional,A,2026-09-08,4,Q-0041,Nota del 17 de abril de 2026: más de 60 presentaciones; 'La Traviata' en octubre de 2026 con el Colectivo Artístico Lírica Disidente; 'El Cascanueces' a fin de año.
FUE-0181,https://www.festilambe.cl/,FESTILAMBE de Valparaíso — Festival Internacional de Teatro Lambe Lambe de Chile (sitio oficial),Fundación OANI de Teatro,oficial,B,2026-09-08,4,Q-0043,"Consultado en septiembre de 2026: ocho ediciones realizadas (2014, 2015, 2016, 2017, 2018, 2020, 2023, 2024) y novena prevista para 2026; 25 espectáculos de teatro en miniatura simultáneos en cajas; participación de Brasil, Bolivia, Argentina, España, Uruguay, Perú, Paraguay, México, EE. UU., Venezuela, Inglaterra, Alemania, Colombia y Chile."
