id,nombre,compania,compania_nombre,director,dramaturgo,anio_estreno,genero,publico,duracion,comunas,espacios,espacios_nombre,festivales,festivales_nombre,descripcion,fuentes,estado,fecha_descubrimiento,fecha_ultima_verificacion,duplicado_de,contradicciones,notas
OBR-0001,El Loco y la Triste,COMP-0005,Compañía de Teatro Alegría,NO ENCONTRADO,Juan Radrigán,NO ENCONTRADO,teatro,adulto,NO ENCONTRADO,villa-alemana,NO ENCONTRADO,NO ENCONTRADO,NO ENCONTRADO,NO ENCONTRADO,NO ENCONTRADO,FUE-0022 | FUE-0023 | FUE-0055,DESCUBIERTO,2026-09-08,2026-09-08,NO ENCONTRADO,NO ENCONTRADO,Creado por referencia desde COMP-0005. Importado de data/works/el-loco-y-la-triste.json (score 55).
OBR-0002,Llo Lle We,COMP-0006,Compañía de Teatro La Lancha,Diego Chamorro,NO ENCONTRADO,NO ENCONTRADO,teatro,todo-publico,NO ENCONTRADO,san-antonio,NO ENCONTRADO,NO ENCONTRADO,NO ENCONTRADO,NO ENCONTRADO,"Montaje sobre la historia de la desembocadura del río Maipo y el territorio de San Antonio: pueblos originarios, patrimonio local, memoria y educación, contada «desde el Big Bang hasta el presente». Presentado en la Plaza de Llolleo para acercar la historia local a la comunidad.",FUE-0024 | FUE-0025 | FUE-0026 | FUE-0056 | FUE-0117,DESCUBIERTO,2026-09-08,2026-09-08,NO ENCONTRADO,NO ENCONTRADO,"Creado por referencia desde COMP-0006. Importado de data/works/llo-lle-we.json (score 63). 'Gira de Llo Lle We: Ko Rüpü, el camino del agua' (Circulación de montajes escénicos 2023, Diego Sebastián Chamorro Ramírez, $14.325.891)."
OBR-0003,Ayayai,COMP-0007,Festín de la Risa,NO ENCONTRADO,Festín de la Risa (creación colectiva),NO ENCONTRADO,clown,familiar,NO ENCONTRADO,valparaiso,NO ENCONTRADO,NO ENCONTRADO,NO ENCONTRADO,NO ENCONTRADO,"Espectáculo de clown que mezcla humor físico, improvisación, ternura y números clásicos de payasería.",FUE-0027 | FUE-0028 | FUE-0054,DESCUBIERTO,2026-09-08,2026-09-08,NO ENCONTRADO,NO ENCONTRADO,Creado por referencia desde COMP-0007. Importado de data/works/ayayai.json (score 55).
OBR-0004,Varieté de Marionetas Musicales,COMP-0014,Compañía de Marionetas The Magic Show,NO ENCONTRADO,NO ENCONTRADO,NO ENCONTRADO,titeres,familiar,NO ENCONTRADO,los-andes,NO ENCONTRADO,NO ENCONTRADO,NO ENCONTRADO,NO ENCONTRADO,NO ENCONTRADO,FUE-0049 | FUE-0050 | FUE-0051 | FUE-0057,DESCUBIERTO,2026-09-08,2026-09-08,NO ENCONTRADO,NO ENCONTRADO,Creado por referencia desde COMP-0014. Importado de data/works/variete-de-marionetas-musicales.json (score 62).
OBR-0005,Ánimas de día claro,NO ENCONTRADO,NO ENCONTRADO,NO ENCONTRADO,NO ENCONTRADO,NO ENCONTRADO,NO ENCONTRADO,NO ENCONTRADO,NO ENCONTRADO,san-antonio,ESP-0002,Centro Cultural San Antonio,NO ENCONTRADO,NO ENCONTRADO,NO ENCONTRADO,FUE-0058,DESCUBIERTO,2026-09-08,2026-09-08,NO ENCONTRADO,NO ENCONTRADO,Creado por referencia desde FUN-0001.
OBR-0006,Circo con Saltimbanqui Circus,NO ENCONTRADO,NO ENCONTRADO,NO ENCONTRADO,NO ENCONTRADO,NO ENCONTRADO,NO ENCONTRADO,NO ENCONTRADO,NO ENCONTRADO,san-antonio,ESP-0002,Centro Cultural San Antonio,NO ENCONTRADO,NO ENCONTRADO,NO ENCONTRADO,FUE-0058,DESCUBIERTO,2026-09-08,2026-09-08,NO ENCONTRADO,NO ENCONTRADO,Creado por referencia desde FUN-0002.
OBR-0007,El gran circo imaginario,NO ENCONTRADO,NO ENCONTRADO,NO ENCONTRADO,NO ENCONTRADO,NO ENCONTRADO,NO ENCONTRADO,NO ENCONTRADO,NO ENCONTRADO,valparaiso,ESP-0007,Fundación Teatromuseo del Títere y el Payaso,NO ENCONTRADO,NO ENCONTRADO,NO ENCONTRADO,FUE-0059,DESCUBIERTO,2026-09-08,2026-09-08,NO ENCONTRADO,NO ENCONTRADO,Creado por referencia desde FUN-0004.
OBR-0008,En este instante,NO ENCONTRADO,NO ENCONTRADO,NO ENCONTRADO,NO ENCONTRADO,NO ENCONTRADO,NO ENCONTRADO,NO ENCONTRADO,NO ENCONTRADO,valparaiso,ESP-0007,Fundación Teatromuseo del Títere y el Payaso,NO ENCONTRADO,NO ENCONTRADO,NO ENCONTRADO,FUE-0059,DESCUBIERTO,2026-09-08,2026-09-08,NO ENCONTRADO,NO ENCONTRADO,Creado por referencia desde FUN-0005.
OBR-0009,Sola,NO ENCONTRADO,NO ENCONTRADO,NO ENCONTRADO,NO ENCONTRADO,NO ENCONTRADO,NO ENCONTRADO,NO ENCONTRADO,NO ENCONTRADO,valparaiso,ESP-0007,Fundación Teatromuseo del Títere y el Payaso,NO ENCONTRADO,NO ENCONTRADO,NO ENCONTRADO,FUE-0059,DESCUBIERTO,2026-09-08,2026-09-08,NO ENCONTRADO,NO ENCONTRADO,Creado por referencia desde FUN-0006.
OBR-0010,Pirateando títeres,COMP-0022,Compañía La Barconeta,NO ENCONTRADO,NO ENCONTRADO,NO ENCONTRADO,títeres (marionetas de hilos),NO ENCONTRADO,NO ENCONTRADO,NO ENCONTRADO,NO ENCONTRADO,NO ENCONTRADO,NO ENCONTRADO,NO ENCONTRADO,Espectáculo intercultural con el que la compañía ha recorrido gran parte de Sudamérica.,FUE-0018,DESCUBIERTO,2026-09-08,2026-09-08,NO ENCONTRADO,NO ENCONTRADO,Creado por referencia desde COMP-0022.
OBR-0011,Piratas del Barrio,COMP-0022,Compañía La Barconeta,NO ENCONTRADO,NO ENCONTRADO,NO ENCONTRADO,títeres (marionetas de hilos),NO ENCONTRADO,NO ENCONTRADO,valparaiso,NO ENCONTRADO,NO ENCONTRADO,NO ENCONTRADO,NO ENCONTRADO,Función a bordo de una lancha en Valparaíso.,FUE-0018,DESCUBIERTO,2026-09-08,2026-09-08,NO ENCONTRADO,NO ENCONTRADO,Creado por referencia desde COMP-0022.
OBR-0012,El Despertar de los Antiguos,COMP-0022,Compañía La Barconeta,NO ENCONTRADO,NO ENCONTRADO,NO ENCONTRADO,títeres (marionetas de hilos),NO ENCONTRADO,NO ENCONTRADO,NO ENCONTRADO,NO ENCONTRADO,NO ENCONTRADO,NO ENCONTRADO,NO ENCONTRADO,Puesta en escena basada en relatos de terror.,FUE-0018,DESCUBIERTO,2026-09-08,2026-09-08,NO ENCONTRADO,NO ENCONTRADO,Creado por referencia desde COMP-0022.
OBR-0013,Nog Bua,NO ENCONTRADO,NO ENCONTRADO,NO ENCONTRADO,NO ENCONTRADO,NO ENCONTRADO,NO ENCONTRADO,NO ENCONTRADO,NO ENCONTRADO,valparaiso,ESP-0020,Sala Pascal 79,NO ENCONTRADO,NO ENCONTRADO,NO ENCONTRADO,FUE-0089,DESCUBIERTO,2026-09-08,2026-09-08,NO ENCONTRADO,NO ENCONTRADO,Programada en Sala Pascal 79 entre octubre de 2020 y marzo de 2021 (Red de Espacios Culturales). Compañía no indicada.
OBR-0014,La mala conexión,NO ENCONTRADO,NO ENCONTRADO,NO ENCONTRADO,NO ENCONTRADO,NO ENCONTRADO,NO ENCONTRADO,NO ENCONTRADO,NO ENCONTRADO,villa-alemana,ESP-0022,Centro Cultural Gabriela Mistral,NO ENCONTRADO,NO ENCONTRADO,NO ENCONTRADO,FUE-0089,DESCUBIERTO,2026-09-08,2026-09-08,NO ENCONTRADO,NO ENCONTRADO,Programada en el Centro Cultural Gabriela Mistral entre octubre de 2020 y marzo de 2021. Compañía no indicada.
OBR-0015,Mentira,NO ENCONTRADO,NO ENCONTRADO,NO ENCONTRADO,NO ENCONTRADO,NO ENCONTRADO,NO ENCONTRADO,NO ENCONTRADO,NO ENCONTRADO,valparaiso,ESP-0018,Sala de Artes Escénicas Universidad de Playa Ancha,NO ENCONTRADO,NO ENCONTRADO,NO ENCONTRADO,FUE-0089,DESCUBIERTO,2026-09-08,2026-09-08,NO ENCONTRADO,NO ENCONTRADO,La nota dice 'la obra Mentira de Miguel Muñoz' (autoría o dirección no especificada). Programada en la Sala UPLA entre octubre de 2020 y marzo de 2021.
OBR-0016,Llay Llay su gente y su cultura,NO ENCONTRADO,NO ENCONTRADO,NO ENCONTRADO,NO ENCONTRADO,NO ENCONTRADO,NO ENCONTRADO,NO ENCONTRADO,NO ENCONTRADO,llaillay,ESP-0014,Teatro Municipal de Llay Llay,NO ENCONTRADO,NO ENCONTRADO,NO ENCONTRADO,FUE-0089,DESCUBIERTO,2026-09-08,2026-09-08,NO ENCONTRADO,NO ENCONTRADO,Programada en el Teatro Municipal de Llay Llay entre octubre de 2020 y marzo de 2021. Compañía no indicada.
OBR-0017,Error,COMP-0013,Centro de Investigación Teatro La Peste,NO ENCONTRADO,NO ENCONTRADO,NO ENCONTRADO,NO ENCONTRADO,NO ENCONTRADO,NO ENCONTRADO,valparaiso,ESP-0051,Mikroespacio,FES-0021,Ciudad Teatro,NO ENCONTRADO,FUE-0131,DESCUBIERTO,2026-09-08,2026-09-08,NO ENCONTRADO,NO ENCONTRADO,Creado por referencia desde COMP-0013.
OBR-0018,Repertorio para habitar la soledad,COMP-0039,Cooperativa de Artes Escénicas de Valparaíso,NO ENCONTRADO,NO ENCONTRADO,NO ENCONTRADO,NO ENCONTRADO,NO ENCONTRADO,NO ENCONTRADO,valparaiso,ESP-0052,Espacio Catarsis,FES-0021,Ciudad Teatro,NO ENCONTRADO,FUE-0131,DESCUBIERTO,2026-09-08,2026-09-08,NO ENCONTRADO,NO ENCONTRADO,Creado por referencia desde COMP-0039.
OBR-0019,Hipodérmica,COMP-0040,Astillero Teatro,NO ENCONTRADO,NO ENCONTRADO,NO ENCONTRADO,NO ENCONTRADO,NO ENCONTRADO,NO ENCONTRADO,valparaiso,ESP-0053,Centro Cultural IPA,FES-0021,Ciudad Teatro,NO ENCONTRADO,FUE-0131,DESCUBIERTO,2026-09-08,2026-09-08,NO ENCONTRADO,NO ENCONTRADO,Creado por referencia desde COMP-0040.
OBR-0020,Anku,COMP-0041,Teatro ILUcIÓN,NO ENCONTRADO,NO ENCONTRADO,NO ENCONTRADO,NO ENCONTRADO,NO ENCONTRADO,NO ENCONTRADO,valparaiso,ESP-0054,Centex — Centro de Extensión del Ministerio de las Culturas,FES-0021,Ciudad Teatro,NO ENCONTRADO,FUE-0131 | FUE-0133,DESCUBIERTO,2026-09-08,2026-09-08,NO ENCONTRADO,NO ENCONTRADO,Creado por referencia desde COMP-0041.
OBR-0021,Cuestión de Ubicación,COMP-0041,Teatro ILUcIÓN,NO ENCONTRADO,NO ENCONTRADO,NO ENCONTRADO,NO ENCONTRADO,NO ENCONTRADO,NO ENCONTRADO,valparaiso,ESP-0053,Centro Cultural IPA,NO ENCONTRADO,NO ENCONTRADO,NO ENCONTRADO,FUE-0131 | FUE-0133,DESCUBIERTO,2026-09-08,2026-09-08,NO ENCONTRADO,NO ENCONTRADO,Creado por referencia desde COMP-0041.
OBR-0022,Amada Gayshá,COMP-0042,Teatro Desastre,NO ENCONTRADO,NO ENCONTRADO,NO ENCONTRADO,NO ENCONTRADO,NO ENCONTRADO,NO ENCONTRADO,valparaiso,ESP-0025,Carpa Azul Circo,FES-0021,Ciudad Teatro,NO ENCONTRADO,FUE-0131,DESCUBIERTO,2026-09-08,2026-09-08,NO ENCONTRADO,NO ENCONTRADO,Creado por referencia desde COMP-0042.
OBR-0023,Fofi el cachorro,COMP-0043,La Bayka,NO ENCONTRADO,NO ENCONTRADO,NO ENCONTRADO,NO ENCONTRADO,NO ENCONTRADO,NO ENCONTRADO,valparaiso,ESP-0033,Centro Comunitario Las Cañas,FES-0021,Ciudad Teatro,NO ENCONTRADO,FUE-0131,DESCUBIERTO,2026-09-08,2026-09-08,NO ENCONTRADO,NO ENCONTRADO,Creado por referencia desde COMP-0043.
OBR-0024,Disparate Circo Rock,COMP-0044,Disparate Circo,NO ENCONTRADO,NO ENCONTRADO,NO ENCONTRADO,NO ENCONTRADO,NO ENCONTRADO,NO ENCONTRADO,valparaiso,ESP-0055,CECO de Rodelillo,FES-0021,Ciudad Teatro,NO ENCONTRADO,FUE-0131 | FUE-0096 | FUE-0124 | FUE-0094,DESCUBIERTO,2026-09-08,2026-09-08,NO ENCONTRADO,NO ENCONTRADO,Creado por referencia desde COMP-0044.
OBR-0025,Extraño ser,COMP-0045,Teatro del Instinto,George Casanova,NO ENCONTRADO,NO ENCONTRADO,NO ENCONTRADO,NO ENCONTRADO,NO ENCONTRADO,valparaiso,ESP-0056,Cancha Población Márquez,FES-0021,Ciudad Teatro,NO ENCONTRADO,FUE-0131,DESCUBIERTO,2026-09-08,2026-09-08,NO ENCONTRADO,NO ENCONTRADO,Creado por referencia desde COMP-0045.
OBR-0026,La Señorita Julia,NO ENCONTRADO,NO ENCONTRADO,NO ENCONTRADO,NO ENCONTRADO,NO ENCONTRADO,NO ENCONTRADO,NO ENCONTRADO,NO ENCONTRADO,valparaiso,ESP-0018,Sala de Artes Escénicas Universidad de Playa Ancha,NO ENCONTRADO,NO ENCONTRADO,NO ENCONTRADO,FUE-0133,DESCUBIERTO,2026-09-08,2026-09-08,NO ENCONTRADO,NO ENCONTRADO,Creado por referencia desde FUN-0015.
OBR-0027,Ensamble Vocal Comunitario,COMP-0050,Colectivo interdisciplinario Musgo,NO ENCONTRADO,NO ENCONTRADO,NO ENCONTRADO,NO ENCONTRADO,NO ENCONTRADO,NO ENCONTRADO,NO ENCONTRADO,NO ENCONTRADO,NO ENCONTRADO,NO ENCONTRADO,NO ENCONTRADO,NO ENCONTRADO,FUE-0094,DESCUBIERTO,2026-09-08,2026-09-08,NO ENCONTRADO,NO ENCONTRADO,Creado por referencia desde COMP-0050.
OBR-0028,Hoguera,COMP-0073,Teatro La Washa,NO ENCONTRADO,NO ENCONTRADO,2023,NO ENCONTRADO,NO ENCONTRADO,NO ENCONTRADO,NO ENCONTRADO,NO ENCONTRADO,NO ENCONTRADO,NO ENCONTRADO,NO ENCONTRADO,NO ENCONTRADO,FUE-0124 | FUE-0117 | FUE-0098 | FUE-0094,DESCUBIERTO,2026-09-08,2026-09-08,NO ENCONTRADO,NO ENCONTRADO,Creado por referencia desde COMP-0073.
OBR-0029,"Caudal, por la liberación de las aguas",COMP-0073,Teatro La Washa,NO ENCONTRADO,NO ENCONTRADO,NO ENCONTRADO,NO ENCONTRADO,NO ENCONTRADO,NO ENCONTRADO,NO ENCONTRADO,NO ENCONTRADO,NO ENCONTRADO,NO ENCONTRADO,NO ENCONTRADO,NO ENCONTRADO,FUE-0124 | FUE-0117 | FUE-0098 | FUE-0094,DESCUBIERTO,2026-09-08,2026-09-08,NO ENCONTRADO,NO ENCONTRADO,Creado por referencia desde COMP-0073.
OBR-0030,"La Llave Secreta, por la liberación de las aguas",COMP-0073,Teatro La Washa,NO ENCONTRADO,NO ENCONTRADO,NO ENCONTRADO,NO ENCONTRADO,infantil,NO ENCONTRADO,NO ENCONTRADO,NO ENCONTRADO,NO ENCONTRADO,NO ENCONTRADO,NO ENCONTRADO,NO ENCONTRADO,FUE-0124 | FUE-0117 | FUE-0098 | FUE-0094,DESCUBIERTO,2026-09-08,2026-09-08,NO ENCONTRADO,NO ENCONTRADO,Creado por referencia desde COMP-0073.
OBR-0031,El Chungungo y la Voz del Mar,COMP-0073,Teatro La Washa,NO ENCONTRADO,NO ENCONTRADO,NO ENCONTRADO,NO ENCONTRADO,NO ENCONTRADO,NO ENCONTRADO,NO ENCONTRADO,NO ENCONTRADO,NO ENCONTRADO,NO ENCONTRADO,NO ENCONTRADO,NO ENCONTRADO,FUE-0124 | FUE-0117 | FUE-0098 | FUE-0094,DESCUBIERTO,2026-09-08,2026-09-08,NO ENCONTRADO,NO ENCONTRADO,Creado por referencia desde COMP-0073.
OBR-0032,Tripulación Paraíso,COMP-0044,Disparate Circo,NO ENCONTRADO,NO ENCONTRADO,NO ENCONTRADO,NO ENCONTRADO,NO ENCONTRADO,NO ENCONTRADO,NO ENCONTRADO,NO ENCONTRADO,NO ENCONTRADO,NO ENCONTRADO,NO ENCONTRADO,NO ENCONTRADO,FUE-0096 | FUE-0124 | FUE-0094,DESCUBIERTO,2026-09-08,2026-09-08,NO ENCONTRADO,NO ENCONTRADO,Creado por referencia desde COMP-0044.
OBR-0033,"La Nave de los locos, locOnas y Alacalufes",COMP-0075,Circo Ancestral,Andrés del Bosque,NO ENCONTRADO,NO ENCONTRADO,teatro circo ancestral,NO ENCONTRADO,NO ENCONTRADO,NO ENCONTRADO,NO ENCONTRADO,NO ENCONTRADO,NO ENCONTRADO,NO ENCONTRADO,NO ENCONTRADO,FUE-0098,DESCUBIERTO,2026-09-08,2026-09-08,NO ENCONTRADO,NO ENCONTRADO,Creado por referencia desde COMP-0075.
OBR-0034,El tiempo no espera. Monólogos del adulto mayor,COMP-0076,Julieta y Compañía,Julieta Saavedra,Julieta Saavedra,2025,NO ENCONTRADO,NO ENCONTRADO,NO ENCONTRADO,villa-alemana | quillota | quilpue | valparaiso,ESP-0022 | ESP-0064 | ESP-0003 | ESP-0060,Centro Cultural Gabriela Mistral | Valparaíso Profundo | Parque Cultural de Valparaíso | Teatro Municipal de Valparaíso,NO ENCONTRADO,NO ENCONTRADO,"Tres monólogos sobre el miedo a envejecer, la soledad y la fuerza de seguir adelante, surgidos del taller 'Cuentos que nacen del alma' con personas mayores de Villa Alemana. Elenco: Roberto Valencia (adulto mayor, debut actoral), Gabriela Fernández Chan (actriz y directora peruana), Sebastián Roque Tognia (música en vivo) y Julieta Saavedra. Financiada por el Fondo de Artes Escénicas 2025.",FUE-0098 | FUE-0171 | FUE-0172,DESCUBIERTO,2026-09-08,2026-09-08,NO ENCONTRADO,NO ENCONTRADO,Creado por referencia desde COMP-0076.
OBR-0035,FIN; último episodio Trilogía de la Catástrofe,COMP-0013,Centro de Investigación Teatro La Peste,Danilo Llanos,NO ENCONTRADO,NO ENCONTRADO,NO ENCONTRADO,NO ENCONTRADO,NO ENCONTRADO,NO ENCONTRADO,NO ENCONTRADO,NO ENCONTRADO,NO ENCONTRADO,NO ENCONTRADO,NO ENCONTRADO,FUE-0107 | FUE-0124,DESCUBIERTO,2026-09-08,2026-09-08,NO ENCONTRADO,NO ENCONTRADO,Creado por referencia desde COMP-0013.
OBR-0036,Enjuiciamiento a Pedro Urdemales,COMP-0058,Fundacion Puerto Cultura,NO ENCONTRADO,NO ENCONTRADO,NO ENCONTRADO,NO ENCONTRADO,NO ENCONTRADO,NO ENCONTRADO,NO ENCONTRADO,NO ENCONTRADO,NO ENCONTRADO,NO ENCONTRADO,NO ENCONTRADO,NO ENCONTRADO,FUE-0107,DESCUBIERTO,2026-09-08,2026-09-08,NO ENCONTRADO,NO ENCONTRADO,Creado por referencia desde COMP-0058.
OBR-0037,La memoria de los sésiles,COMP-0040,Astillero Teatro,NO ENCONTRADO,NO ENCONTRADO,2023,NO ENCONTRADO,NO ENCONTRADO,NO ENCONTRADO,NO ENCONTRADO,NO ENCONTRADO,NO ENCONTRADO,NO ENCONTRADO,NO ENCONTRADO,NO ENCONTRADO,FUE-0117 | FUE-0109,DESCUBIERTO,2026-09-08,2026-09-08,NO ENCONTRADO,NO ENCONTRADO,Creado por referencia desde COMP-0040.
OBR-0038,El fuego que llevamos dentro. Por la memoria de Nicole Saavedra Bahamondes,COMP-0080,Compañía Teatro a la Deriva,NO ENCONTRADO,NO ENCONTRADO,NO ENCONTRADO,NO ENCONTRADO,NO ENCONTRADO,NO ENCONTRADO,NO ENCONTRADO,NO ENCONTRADO,NO ENCONTRADO,NO ENCONTRADO,NO ENCONTRADO,NO ENCONTRADO,FUE-0120 | FUE-0124,DESCUBIERTO,2026-09-08,2026-09-08,NO ENCONTRADO,NO ENCONTRADO,Creado por referencia desde COMP-0080.
OBR-0039,Polución: Diálogos con Pedro Lemebel,COMP-0081,Colectivo La Fuga,NO ENCONTRADO,NO ENCONTRADO,NO ENCONTRADO,NO ENCONTRADO,NO ENCONTRADO,NO ENCONTRADO,NO ENCONTRADO,NO ENCONTRADO,NO ENCONTRADO,NO ENCONTRADO,NO ENCONTRADO,NO ENCONTRADO,FUE-0117,DESCUBIERTO,2026-09-08,2026-09-08,NO ENCONTRADO,NO ENCONTRADO,Creado por referencia desde COMP-0081.
OBR-0040,En Defensa Propia,COMP-0082,Compañía de Teatro Fuera de Lugar,NO ENCONTRADO,NO ENCONTRADO,2023,NO ENCONTRADO,NO ENCONTRADO,NO ENCONTRADO,NO ENCONTRADO,NO ENCONTRADO,NO ENCONTRADO,NO ENCONTRADO,NO ENCONTRADO,NO ENCONTRADO,FUE-0117,DESCUBIERTO,2026-09-08,2026-09-08,NO ENCONTRADO,NO ENCONTRADO,Creado por referencia desde COMP-0082.
OBR-0041,NOSOTRXS,COMP-0008,Fundación OANI de Teatro,NO ENCONTRADO,NO ENCONTRADO,2025,títeres,NO ENCONTRADO,NO ENCONTRADO,NO ENCONTRADO,NO ENCONTRADO,NO ENCONTRADO,NO ENCONTRADO,NO ENCONTRADO,NO ENCONTRADO,FUE-0098 | FUE-0118 | FUE-0105 | FUE-0095 | FUE-0030,DESCUBIERTO,2026-09-08,2026-09-08,NO ENCONTRADO,anio_estreno: '2025' vs '2026',Creado por referencia desde COMP-0008.
OBR-0042,Todo esto está en ti,NO ENCONTRADO,NO ENCONTRADO,NO ENCONTRADO,NO ENCONTRADO,2023,circo contemporáneo,NO ENCONTRADO,NO ENCONTRADO,NO ENCONTRADO,NO ENCONTRADO,NO ENCONTRADO,NO ENCONTRADO,NO ENCONTRADO,NO ENCONTRADO,FUE-0117 | FUE-0098,DESCUBIERTO,2026-09-08,2026-09-08,NO ENCONTRADO,NO ENCONTRADO,"Obra de circo contemporáneo inspirada en la poesía de Raúl Zurita (creación 2023, circulación nacional 2025), responsable Paula Andrea Jirkal Briones."
OBR-0043,"KI, la respiración del tiempo",NO ENCONTRADO,NO ENCONTRADO,NO ENCONTRADO,NO ENCONTRADO,NO ENCONTRADO,NO ENCONTRADO,NO ENCONTRADO,NO ENCONTRADO,NO ENCONTRADO,NO ENCONTRADO,NO ENCONTRADO,NO ENCONTRADO,NO ENCONTRADO,NO ENCONTRADO,FUE-0098,DESCUBIERTO,2026-09-08,2026-09-08,NO ENCONTRADO,NO ENCONTRADO,"Circulación nacional 2025, responsable Natalia Francisca Cuéllar Díaz ($19.295.318)."
OBR-0044,La Invivible,NO ENCONTRADO,NO ENCONTRADO,NO ENCONTRADO,NO ENCONTRADO,NO ENCONTRADO,danza,NO ENCONTRADO,NO ENCONTRADO,NO ENCONTRADO,NO ENCONTRADO,NO ENCONTRADO,NO ENCONTRADO,NO ENCONTRADO,NO ENCONTRADO,FUE-0124 | FUE-0117 | FUE-0098,DESCUBIERTO,2026-09-08,2026-09-08,NO ENCONTRADO,NO ENCONTRADO,"Composición coreográfica (2022 y 2023, Josefina Díaz Honores) y creación danza 2025 (Franco Ignacio Oviedo Maldonado, $25.337.357). Listada por Fundación Teatro a Mil en su catálogo de la Región de Valparaíso."
OBR-0045,Más allá de las ruinas,NO ENCONTRADO,NO ENCONTRADO,Ingrid Flores Mondaca,NO ENCONTRADO,NO ENCONTRADO,circo (ciencia ficción),NO ENCONTRADO,NO ENCONTRADO,NO ENCONTRADO,NO ENCONTRADO,NO ENCONTRADO,NO ENCONTRADO,NO ENCONTRADO,NO ENCONTRADO,FUE-0098 | FUE-0094,DESCUBIERTO,2026-09-08,2026-09-08,NO ENCONTRADO,NO ENCONTRADO,"'Más allá de las ruinas, un espectáculo de ciencia ficción dirigido por Ingrid Flores Moncada' (circo 2025, $29.996.405; y 2026, $29.999.999)."
OBR-0046,Pulso de un hombre homosexual latinoamericano,NO ENCONTRADO,NO ENCONTRADO,NO ENCONTRADO,NO ENCONTRADO,2023,NO ENCONTRADO,NO ENCONTRADO,NO ENCONTRADO,NO ENCONTRADO,NO ENCONTRADO,NO ENCONTRADO,NO ENCONTRADO,NO ENCONTRADO,NO ENCONTRADO,FUE-0117 | FUE-0094,DESCUBIERTO,2026-09-08,2026-09-08,NO ENCONTRADO,NO ENCONTRADO,"Creación teatro 2023 ($19.398.215) y circulación nacional 2026, responsable José Antonio Soto Luer."
OBR-0047,La cuna de fuego: Montaje escénico por Palestina,NO ENCONTRADO,NO ENCONTRADO,NO ENCONTRADO,NO ENCONTRADO,NO ENCONTRADO,NO ENCONTRADO,NO ENCONTRADO,NO ENCONTRADO,NO ENCONTRADO,NO ENCONTRADO,NO ENCONTRADO,NO ENCONTRADO,NO ENCONTRADO,NO ENCONTRADO,FUE-0094,DESCUBIERTO,2026-09-08,2026-09-08,NO ENCONTRADO,NO ENCONTRADO,"Teatro 2026, José Antonio Soto Luer ($28.799.944)."
OBR-0048,Bésame Macho. Mujeres Infinitas,NO ENCONTRADO,NO ENCONTRADO,NO ENCONTRADO,NO ENCONTRADO,NO ENCONTRADO,NO ENCONTRADO,NO ENCONTRADO,NO ENCONTRADO,NO ENCONTRADO,NO ENCONTRADO,NO ENCONTRADO,NO ENCONTRADO,NO ENCONTRADO,NO ENCONTRADO,FUE-0094,DESCUBIERTO,2026-09-08,2026-09-08,NO ENCONTRADO,NO ENCONTRADO,"Puesta en escena, teatro 2026, Verónica Isabel González Becerra ($16.453.509)."
OBR-0049,NINA,NO ENCONTRADO,NO ENCONTRADO,NO ENCONTRADO,NO ENCONTRADO,2025,NO ENCONTRADO,NO ENCONTRADO,NO ENCONTRADO,NO ENCONTRADO,NO ENCONTRADO,NO ENCONTRADO,NO ENCONTRADO,NO ENCONTRADO,NO ENCONTRADO,FUE-0098,DESCUBIERTO,2026-09-08,2026-09-08,NO ENCONTRADO,NO ENCONTRADO,"Teatro 2025, Maritza Alejandra Farías Cerpa ($29.690.100)."
OBR-0050,La Ventana de Eva,NO ENCONTRADO,NO ENCONTRADO,NO ENCONTRADO,NO ENCONTRADO,NO ENCONTRADO,teatro de objetos,NO ENCONTRADO,NO ENCONTRADO,NO ENCONTRADO,NO ENCONTRADO,NO ENCONTRADO,NO ENCONTRADO,NO ENCONTRADO,NO ENCONTRADO,FUE-0098,DESCUBIERTO,2026-09-08,2026-09-08,NO ENCONTRADO,NO ENCONTRADO,"Espectáculo de teatro objeto, títeres 2025, Camila Fernanda Pichuante Cruz ($19.289.236)."
OBR-0051,El Trueno de Milén,NO ENCONTRADO,NO ENCONTRADO,NO ENCONTRADO,NO ENCONTRADO,NO ENCONTRADO,ópera de cámara,NO ENCONTRADO,NO ENCONTRADO,NO ENCONTRADO,NO ENCONTRADO,NO ENCONTRADO,NO ENCONTRADO,NO ENCONTRADO,NO ENCONTRADO,FUE-0098,DESCUBIERTO,2026-09-08,2026-09-08,NO ENCONTRADO,NO ENCONTRADO,"Ópera de cámara por la inclusión de la neurodivergencia (2025, David Gabriel Valdivia Argandoña, $34.232.334)."
OBR-0052,Ardid de amor,NO ENCONTRADO,NO ENCONTRADO,NO ENCONTRADO,NO ENCONTRADO,NO ENCONTRADO,ópera,NO ENCONTRADO,NO ENCONTRADO,NO ENCONTRADO,NO ENCONTRADO,NO ENCONTRADO,NO ENCONTRADO,NO ENCONTRADO,NO ENCONTRADO,FUE-0098,DESCUBIERTO,2026-09-08,2026-09-08,NO ENCONTRADO,NO ENCONTRADO,"Comedia de enredos en el Chile colonial, ópera de Roberto Puelma (2025, Viviana Hernández Silva, $27.138.128)."
OBR-0053,El niño y los sortilegios,NO ENCONTRADO,NO ENCONTRADO,NO ENCONTRADO,NO ENCONTRADO,NO ENCONTRADO,ópera,NO ENCONTRADO,NO ENCONTRADO,NO ENCONTRADO,NO ENCONTRADO,NO ENCONTRADO,NO ENCONTRADO,NO ENCONTRADO,NO ENCONTRADO,FUE-0094,DESCUBIERTO,2026-09-08,2026-09-08,NO ENCONTRADO,NO ENCONTRADO,"Fantasía lírica de M. Ravel (2026, Viviana Hernández Silva, $32.200.044)."
OBR-0054,Alicia Morel y los reinos de la Tierra,NO ENCONTRADO,NO ENCONTRADO,NO ENCONTRADO,NO ENCONTRADO,NO ENCONTRADO,títeres,NO ENCONTRADO,NO ENCONTRADO,NO ENCONTRADO,NO ENCONTRADO,NO ENCONTRADO,NO ENCONTRADO,NO ENCONTRADO,NO ENCONTRADO,FUE-0124 | FUE-0117,DESCUBIERTO,2026-09-08,2026-09-08,NO ENCONTRADO,NO ENCONTRADO,"'Los Reinos de la Tierra (Centenario Alicia Morel)' (2022) y 'Alicia Morel y los reinos de la Tierra' (títeres 2023), Alejandra Estrella Thayer Joui."
OBR-0055,El barniz del desierto,NO ENCONTRADO,NO ENCONTRADO,NO ENCONTRADO,NO ENCONTRADO,NO ENCONTRADO,títeres,NO ENCONTRADO,NO ENCONTRADO,NO ENCONTRADO,NO ENCONTRADO,NO ENCONTRADO,NO ENCONTRADO,NO ENCONTRADO,NO ENCONTRADO,FUE-0117,DESCUBIERTO,2026-09-08,2026-09-08,NO ENCONTRADO,NO ENCONTRADO,"Títeres 2023, Oscar Humberto Berríos Inostroza ($14.999.584)."
OBR-0056,A la Memoria de Carla Korman,COMP-0016,Titiricaos,Paola Escudero Navia,NO ENCONTRADO,NO ENCONTRADO,títeres,NO ENCONTRADO,NO ENCONTRADO,NO ENCONTRADO,NO ENCONTRADO,NO ENCONTRADO,NO ENCONTRADO,NO ENCONTRADO,NO ENCONTRADO,FUE-0117,DESCUBIERTO,2026-09-08,2026-09-08,NO ENCONTRADO,NO ENCONTRADO,"Títeres 2023, Paola Alejandra Escudero Navia ($11.325.427); vínculo con Titiricaos por su directora."
OBR-0057,"La Ruta de La Quebrada. Relatos, Canciones y Recetas de una Comunidad",NO ENCONTRADO,NO ENCONTRADO,NO ENCONTRADO,NO ENCONTRADO,NO ENCONTRADO,títeres,NO ENCONTRADO,NO ENCONTRADO,NO ENCONTRADO,NO ENCONTRADO,NO ENCONTRADO,NO ENCONTRADO,NO ENCONTRADO,NO ENCONTRADO,FUE-0117,DESCUBIERTO,2026-09-08,2026-09-08,NO ENCONTRADO,NO ENCONTRADO,"Títeres 2023, Ana Catherine Sagredo Núñez ($23.803.445)."
OBR-0058,Nativos Polinizadores,NO ENCONTRADO,NO ENCONTRADO,NO ENCONTRADO,NO ENCONTRADO,NO ENCONTRADO,títeres de gran formato (callejero),NO ENCONTRADO,NO ENCONTRADO,NO ENCONTRADO,NO ENCONTRADO,NO ENCONTRADO,NO ENCONTRADO,NO ENCONTRADO,NO ENCONTRADO,FUE-0124,DESCUBIERTO,2026-09-08,2026-09-08,NO ENCONTRADO,NO ENCONTRADO,"Espectáculo callejero con títeres de gran formato (2022, Waleska Arleth Vilches Valdivia, $14.993.525)."
OBR-0059,Informe para una academia,NO ENCONTRADO,NO ENCONTRADO,NO ENCONTRADO,NO ENCONTRADO,NO ENCONTRADO,NO ENCONTRADO,NO ENCONTRADO,NO ENCONTRADO,NO ENCONTRADO,NO ENCONTRADO,NO ENCONTRADO,NO ENCONTRADO,NO ENCONTRADO,NO ENCONTRADO,FUE-0124,DESCUBIERTO,2026-09-08,2026-09-08,NO ENCONTRADO,NO ENCONTRADO,"Teatro 2022, Christopher Camilo Ortega Silva ($19.761.264)."
OBR-0060,Terrapolis,COMP-0100,Abisal,Bárbara Pestan,NO ENCONTRADO,2023,NO ENCONTRADO,NO ENCONTRADO,NO ENCONTRADO,valparaiso | quintero | san-antonio | el-quisco,ESP-0021 | ESP-0076 | ESP-0002 | ESP-0012,Sala Insomnia Teatro Condell | Casino de funcionarios de la Biblioteca Municipal de Quintero | Centro Cultural San Antonio | Centro Cultural Camilo Mori,NO ENCONTRADO,NO ENCONTRADO,"Montaje sobre el daño ambiental en las zonas de sacrificio de Quintero y Puchuncaví, escrito desde la mirada de las mujeres del territorio. Elenco: Javiera Mendoza, Daniela Fernández, Andrea Osorio. Estreno 2023 en el Parque Cultural de Valparaíso; financiada por el Fondo de Artes Escénicas (composición escénica 2021, creación y producción 2022). Cada función incluye foro con la directora y organizaciones ambientales.",FUE-0124 | FUE-0144 | FUE-0145,DESCUBIERTO,2026-09-08,2026-09-08,NO ENCONTRADO,NO ENCONTRADO,"Teatro 2022, Bárbara Andrea Pestan Florás ($19.999.568)."
OBR-0061,Clowntra todos,NO ENCONTRADO,NO ENCONTRADO,NO ENCONTRADO,NO ENCONTRADO,NO ENCONTRADO,clown,NO ENCONTRADO,NO ENCONTRADO,NO ENCONTRADO,NO ENCONTRADO,NO ENCONTRADO,NO ENCONTRADO,NO ENCONTRADO,NO ENCONTRADO,FUE-0124,DESCUBIERTO,2026-09-08,2026-09-08,NO ENCONTRADO,NO ENCONTRADO,"Espectáculo clown con adultos mayores basado en Macbeth (2022, Camilo Andrés Romero Rojas)."
OBR-0062,Cuéntamelo a los ojos,NO ENCONTRADO,NO ENCONTRADO,NO ENCONTRADO,NO ENCONTRADO,NO ENCONTRADO,narración gestual (comunidad sorda),NO ENCONTRADO,NO ENCONTRADO,NO ENCONTRADO,NO ENCONTRADO,NO ENCONTRADO,NO ENCONTRADO,NO ENCONTRADO,NO ENCONTRADO,FUE-0124,DESCUBIERTO,2026-09-08,2026-09-08,NO ENCONTRADO,NO ENCONTRADO,"2022, Pablo Ignacio Abarca Carrazana ($11.947.835)."
OBR-0063,Mujer de Preñez Húngara,NO ENCONTRADO,NO ENCONTRADO,NO ENCONTRADO,NO ENCONTRADO,NO ENCONTRADO,NO ENCONTRADO,NO ENCONTRADO,NO ENCONTRADO,NO ENCONTRADO,NO ENCONTRADO,NO ENCONTRADO,NO ENCONTRADO,NO ENCONTRADO,NO ENCONTRADO,FUE-0124,DESCUBIERTO,2026-09-08,2026-09-08,NO ENCONTRADO,NO ENCONTRADO,"Remontaje 2022, Christian David Oyarzún Navarrete."
OBR-0064,El Abismo de los Pájaros,NO ENCONTRADO,NO ENCONTRADO,NO ENCONTRADO,NO ENCONTRADO,NO ENCONTRADO,NO ENCONTRADO,NO ENCONTRADO,NO ENCONTRADO,NO ENCONTRADO,NO ENCONTRADO,NO ENCONTRADO,NO ENCONTRADO,NO ENCONTRADO,NO ENCONTRADO,FUE-0124,DESCUBIERTO,2026-09-08,2026-09-08,NO ENCONTRADO,NO ENCONTRADO,"Remontaje 2022, María Angélica Luzzi Olsen."
OBR-0065,Gómez,NO ENCONTRADO,NO ENCONTRADO,NO ENCONTRADO,Diamela Eltit (texto),NO ENCONTRADO,NO ENCONTRADO,NO ENCONTRADO,NO ENCONTRADO,NO ENCONTRADO,NO ENCONTRADO,NO ENCONTRADO,NO ENCONTRADO,NO ENCONTRADO,NO ENCONTRADO,FUE-0126,DESCUBIERTO,2026-09-08,2026-09-08,NO ENCONTRADO,NO ENCONTRADO,"'GÓMEZ de Diamela Eltit en Gira por Colombia' (2022, Claudio Omar Rodríguez Espinoza)."
OBR-0066,Hijo Pródigo,NO ENCONTRADO,NO ENCONTRADO,NO ENCONTRADO,NO ENCONTRADO,NO ENCONTRADO,NO ENCONTRADO,NO ENCONTRADO,NO ENCONTRADO,NO ENCONTRADO,NO ENCONTRADO,NO ENCONTRADO,NO ENCONTRADO,NO ENCONTRADO,NO ENCONTRADO,FUE-0126,DESCUBIERTO,2026-09-08,2026-09-08,NO ENCONTRADO,NO ENCONTRADO,"'Hijo Pródigo en Buenos Aires' (circulación 2022, Camila Antonia Guggiana Stuparich)."
OBR-0067,Un botón en mi cabeza,NO ENCONTRADO,NO ENCONTRADO,NO ENCONTRADO,NO ENCONTRADO,NO ENCONTRADO,NO ENCONTRADO,NO ENCONTRADO,NO ENCONTRADO,NO ENCONTRADO,NO ENCONTRADO,NO ENCONTRADO,NO ENCONTRADO,NO ENCONTRADO,NO ENCONTRADO,FUE-0109,DESCUBIERTO,2026-09-08,2026-09-08,NO ENCONTRADO,NO ENCONTRADO,"Gira Colombia 2024, Enrique Ignacio Crohare Niño."
OBR-0068,La historia de una mujer que regaba su planta con una cuchara,NO ENCONTRADO,NO ENCONTRADO,NO ENCONTRADO,NO ENCONTRADO,NO ENCONTRADO,NO ENCONTRADO,NO ENCONTRADO,NO ENCONTRADO,NO ENCONTRADO,NO ENCONTRADO,NO ENCONTRADO,NO ENCONTRADO,NO ENCONTRADO,NO ENCONTRADO,FUE-0117,DESCUBIERTO,2026-09-08,2026-09-08,NO ENCONTRADO,NO ENCONTRADO,"Teatro 2023, Angela Paulina Sepúlveda Rojas ($19.352.458)."
OBR-0069,Partes y Piezas,NO ENCONTRADO,NO ENCONTRADO,NO ENCONTRADO,NO ENCONTRADO,NO ENCONTRADO,circo,NO ENCONTRADO,NO ENCONTRADO,NO ENCONTRADO,NO ENCONTRADO,NO ENCONTRADO,NO ENCONTRADO,NO ENCONTRADO,NO ENCONTRADO,FUE-0117,DESCUBIERTO,2026-09-08,2026-09-08,NO ENCONTRADO,NO ENCONTRADO,"Circo 2023, Luciana Gabriela Mosca Spinetto ($24.140.300)."
OBR-0070,Contrahílo — mujeres que tejen en el aire,NO ENCONTRADO,NO ENCONTRADO,NO ENCONTRADO,NO ENCONTRADO,NO ENCONTRADO,circo aéreo / interdisciplinar,NO ENCONTRADO,NO ENCONTRADO,NO ENCONTRADO,NO ENCONTRADO,NO ENCONTRADO,NO ENCONTRADO,NO ENCONTRADO,NO ENCONTRADO,FUE-0124 | FUE-0098,DESCUBIERTO,2026-09-08,2026-09-08,NO ENCONTRADO,NO ENCONTRADO,"Residencia 2022 y creación 2025, Juliana da Silva Martins."
OBR-0071,Azul y el bosque extinto,NO ENCONTRADO,NO ENCONTRADO,NO ENCONTRADO,NO ENCONTRADO,NO ENCONTRADO,NO ENCONTRADO,infantil,NO ENCONTRADO,NO ENCONTRADO,NO ENCONTRADO,NO ENCONTRADO,NO ENCONTRADO,NO ENCONTRADO,NO ENCONTRADO,FUE-0098,DESCUBIERTO,2026-09-08,2026-09-08,NO ENCONTRADO,NO ENCONTRADO,"Montaje interdisciplinar para infancias (2025, Jacinta María Egaña Kaulen, $22.103.804)."
OBR-0072,Con la cabeza en las nubes,NO ENCONTRADO,NO ENCONTRADO,NO ENCONTRADO,NO ENCONTRADO,NO ENCONTRADO,NO ENCONTRADO,infantil,NO ENCONTRADO,NO ENCONTRADO,NO ENCONTRADO,NO ENCONTRADO,NO ENCONTRADO,NO ENCONTRADO,NO ENCONTRADO,FUE-0094,DESCUBIERTO,2026-09-08,2026-09-08,NO ENCONTRADO,NO ENCONTRADO,"Obra teatral pensada en todas las infancias (2026, Olinda Inés Melchor Lara)."
OBR-0073,"Vida y hazañas del señor Erik Satie, fonometrógrafo",NO ENCONTRADO,NO ENCONTRADO,NO ENCONTRADO,NO ENCONTRADO,NO ENCONTRADO,títeres,NO ENCONTRADO,NO ENCONTRADO,NO ENCONTRADO,NO ENCONTRADO,NO ENCONTRADO,NO ENCONTRADO,NO ENCONTRADO,NO ENCONTRADO,FUE-0098 | FUE-0094,DESCUBIERTO,2026-09-08,2026-09-08,NO ENCONTRADO,NO ENCONTRADO,"Composición (2025) y creación títeres 2026 ($24.865.303), Sebastián Fernando Farah Rodríguez."
OBR-0074,Niño Zombie y el oráculo personal,NO ENCONTRADO,NO ENCONTRADO,NO ENCONTRADO,NO ENCONTRADO,NO ENCONTRADO,títeres,NO ENCONTRADO,NO ENCONTRADO,NO ENCONTRADO,NO ENCONTRADO,NO ENCONTRADO,NO ENCONTRADO,NO ENCONTRADO,NO ENCONTRADO,FUE-0094,DESCUBIERTO,2026-09-08,2026-09-08,NO ENCONTRADO,NO ENCONTRADO,"Títeres 2026, Jasson Guillermo Guaico Núñez ($24.999.946)."
OBR-0075,El viaje de Mamadú,NO ENCONTRADO,NO ENCONTRADO,NO ENCONTRADO,NO ENCONTRADO,NO ENCONTRADO,títeres,NO ENCONTRADO,NO ENCONTRADO,NO ENCONTRADO,NO ENCONTRADO,NO ENCONTRADO,NO ENCONTRADO,NO ENCONTRADO,NO ENCONTRADO,FUE-0094,DESCUBIERTO,2026-09-08,2026-09-08,NO ENCONTRADO,NO ENCONTRADO,"Títeres 2026, Eric Estrada Vega ($25.000.000)."
OBR-0076,Un marciano en Júpiter,NO ENCONTRADO,NO ENCONTRADO,NO ENCONTRADO,NO ENCONTRADO,NO ENCONTRADO,teatro de marionetas,NO ENCONTRADO,NO ENCONTRADO,NO ENCONTRADO,NO ENCONTRADO,NO ENCONTRADO,NO ENCONTRADO,NO ENCONTRADO,NO ENCONTRADO,FUE-0094,DESCUBIERTO,2026-09-08,2026-09-08,NO ENCONTRADO,NO ENCONTRADO,"Obra de teatro de marionetas por la diversidad y la inclusión social (2026, René Leonardo Rojas Escalona)."
OBR-0077,El Piuchén de Paihuén,NO ENCONTRADO,NO ENCONTRADO,NO ENCONTRADO,NO ENCONTRADO,NO ENCONTRADO,miniatura escénica,NO ENCONTRADO,NO ENCONTRADO,NO ENCONTRADO,NO ENCONTRADO,NO ENCONTRADO,NO ENCONTRADO,NO ENCONTRADO,NO ENCONTRADO,FUE-0094,DESCUBIERTO,2026-09-08,2026-09-08,NO ENCONTRADO,NO ENCONTRADO,"Miniatura escénica del misterio campesino (2026, Daniel Alexis Silva Escobar)."
OBR-0078,Memorias en tren,NO ENCONTRADO,NO ENCONTRADO,NO ENCONTRADO,NO ENCONTRADO,NO ENCONTRADO,narración oral,NO ENCONTRADO,NO ENCONTRADO,NO ENCONTRADO,NO ENCONTRADO,NO ENCONTRADO,NO ENCONTRADO,NO ENCONTRADO,NO ENCONTRADO,FUE-0124 | FUE-0109 | FUE-0094,DESCUBIERTO,2026-09-08,2026-09-08,NO ENCONTRADO,NO ENCONTRADO,"Zenith Claudia Navarrete Ruiz: composición 2022, 'Wellcome to the Train' gira 2024, circulación nacional 2026 ('Memorias en Tren: Lo que me han contado')."
OBR-0079,Cuéntame de Valparaíso Bohemio,NO ENCONTRADO,NO ENCONTRADO,NO ENCONTRADO,NO ENCONTRADO,NO ENCONTRADO,narración oral,NO ENCONTRADO,NO ENCONTRADO,NO ENCONTRADO,NO ENCONTRADO,NO ENCONTRADO,NO ENCONTRADO,NO ENCONTRADO,NO ENCONTRADO,FUE-0094,DESCUBIERTO,2026-09-08,2026-09-08,NO ENCONTRADO,NO ENCONTRADO,"Narración oral 2026, Zenith Claudia Navarrete Ruiz ($14.347.713)."
OBR-0080,Prácticas para un mal dormir,COMP-0091,Colectivx Escénicx Urgente Delirio,NO ENCONTRADO,NO ENCONTRADO,NO ENCONTRADO,NO ENCONTRADO,NO ENCONTRADO,NO ENCONTRADO,valparaiso,ESP-0064,Valparaíso Profundo,FES-0021,Ciudad Teatro,NO ENCONTRADO,FUE-0136,DESCUBIERTO,2026-09-08,2026-09-08,NO ENCONTRADO,NO ENCONTRADO,Creado por referencia desde COMP-0091.
OBR-0081,Tertulias para tomar té: cuando la abuela se perdió y los insectos salieron a buscarla,COMP-0092,MikroEspacio Creativo,NO ENCONTRADO,NO ENCONTRADO,NO ENCONTRADO,NO ENCONTRADO,NO ENCONTRADO,NO ENCONTRADO,valparaiso,ESP-0065,Mercado Puerto,FES-0021,Ciudad Teatro,NO ENCONTRADO,FUE-0136,DESCUBIERTO,2026-09-08,2026-09-08,NO ENCONTRADO,NO ENCONTRADO,Creado por referencia desde COMP-0092.
OBR-0082,Imaginaria,COMP-0054,Organización Comunitaria Artística Cultural y Deportiva La Coraje,NO ENCONTRADO,NO ENCONTRADO,NO ENCONTRADO,NO ENCONTRADO,NO ENCONTRADO,NO ENCONTRADO,valparaiso,ESP-0066,Liceo Pedro Montt,FES-0021,Ciudad Teatro,NO ENCONTRADO,FUE-0136,DESCUBIERTO,2026-09-08,2026-09-08,NO ENCONTRADO,NO ENCONTRADO,Creado por referencia desde COMP-0054.
OBR-0083,Caleu,COMP-0041,Teatro ILUcIÓN,NO ENCONTRADO,NO ENCONTRADO,NO ENCONTRADO,NO ENCONTRADO,NO ENCONTRADO,NO ENCONTRADO,valparaiso,ESP-0067,Espacio Comunitario Santa Ana,FES-0021,Ciudad Teatro,NO ENCONTRADO,FUE-0136,DESCUBIERTO,2026-09-08,2026-09-08,NO ENCONTRADO,NO ENCONTRADO,Creado por referencia desde COMP-0041.
OBR-0084,Esto es un teatro,COMP-0093,Espacio Ané,NO ENCONTRADO,NO ENCONTRADO,NO ENCONTRADO,NO ENCONTRADO,NO ENCONTRADO,NO ENCONTRADO,valparaiso,ESP-0068,CEAC,FES-0021,Ciudad Teatro,NO ENCONTRADO,FUE-0136,DESCUBIERTO,2026-09-08,2026-09-08,NO ENCONTRADO,NO ENCONTRADO,Creado por referencia desde COMP-0093.
OBR-0085,Vuela,COMP-0073,Teatro La Washa,NO ENCONTRADO,NO ENCONTRADO,NO ENCONTRADO,NO ENCONTRADO,NO ENCONTRADO,NO ENCONTRADO,valparaiso,ESP-0033,Centro Comunitario Las Cañas,FES-0021,Ciudad Teatro,NO ENCONTRADO,FUE-0136,DESCUBIERTO,2026-09-08,2026-09-08,NO ENCONTRADO,NO ENCONTRADO,Creado por referencia desde COMP-0073.
OBR-0086,Inextinguible,COMP-0094,Colaboraciones en Distancia,NO ENCONTRADO,NO ENCONTRADO,NO ENCONTRADO,NO ENCONTRADO,NO ENCONTRADO,NO ENCONTRADO,valparaiso,ESP-0053,Centro Cultural IPA,FES-0021,Ciudad Teatro,NO ENCONTRADO,FUE-0136,DESCUBIERTO,2026-09-08,2026-09-08,NO ENCONTRADO,NO ENCONTRADO,Creado por referencia desde COMP-0094.
OBR-0087,Intoxicadas,COMP-0095,Compañía En Paños Menores,NO ENCONTRADO,NO ENCONTRADO,NO ENCONTRADO,NO ENCONTRADO,NO ENCONTRADO,NO ENCONTRADO,valparaiso,ESP-0069,Sala de Artes Escénicas Rodelillo,FES-0021,Ciudad Teatro,NO ENCONTRADO,FUE-0136,DESCUBIERTO,2026-09-08,2026-09-08,NO ENCONTRADO,NO ENCONTRADO,Creado por referencia desde COMP-0095.
OBR-0088,Casa,COMP-0042,Teatro Desastre,NO ENCONTRADO,NO ENCONTRADO,NO ENCONTRADO,lectura dramatizada,NO ENCONTRADO,NO ENCONTRADO,valparaiso,ESP-0070,Casa Centro de Investigación Teatro La Peste,FES-0021,Ciudad Teatro,NO ENCONTRADO,FUE-0136,DESCUBIERTO,2026-09-08,2026-09-08,NO ENCONTRADO,NO ENCONTRADO,Creado por referencia desde COMP-0042.
OBR-0089,"Koreto, la magia continúa",NO ENCONTRADO,NO ENCONTRADO,NO ENCONTRADO,NO ENCONTRADO,NO ENCONTRADO,NO ENCONTRADO,NO ENCONTRADO,NO ENCONTRADO,vina-del-mar,ESP-0059,Teatro Municipal de Viña del Mar,NO ENCONTRADO,NO ENCONTRADO,NO ENCONTRADO,FUE-0137,DESCUBIERTO,2026-09-08,2026-09-08,NO ENCONTRADO,NO ENCONTRADO,Creado por referencia desde FUN-0029.
OBR-0090,Voces,NO ENCONTRADO,NO ENCONTRADO,NO ENCONTRADO,NO ENCONTRADO,NO ENCONTRADO,NO ENCONTRADO,NO ENCONTRADO,NO ENCONTRADO,vina-del-mar,ESP-0059,Teatro Municipal de Viña del Mar,NO ENCONTRADO,NO ENCONTRADO,NO ENCONTRADO,FUE-0137,DESCUBIERTO,2026-09-08,2026-09-08,NO ENCONTRADO,NO ENCONTRADO,Creado por referencia desde FUN-0030.
OBR-0091,La Mariita,COMP-0099,Compañía de Teatro Puquigre,NO ENCONTRADO,NO ENCONTRADO,NO ENCONTRADO,NO ENCONTRADO,NO ENCONTRADO,NO ENCONTRADO,puchuncavi,ESP-0077 | ESP-0078,Gimnasio Municipal de Puchuncaví | Sede Caracol de Horcón,NO ENCONTRADO,NO ENCONTRADO,NO ENCONTRADO,FUE-0141 | FUE-0142 | FUE-0143,DESCUBIERTO,2026-09-08,2026-09-08,NO ENCONTRADO,NO ENCONTRADO,Creado por referencia desde COMP-0099.
OBR-0092,La Plaza,COMP-0087,Compañía Moviendo Hilos,NO ENCONTRADO,NO ENCONTRADO,NO ENCONTRADO,marionetas,familiar,40,putaendo,ESP-0075,Escuela María Leiva de Las Coimas,NO ENCONTRADO,NO ENCONTRADO,"Lenguaje gestual, sonidos incidentales y música del mundo; personajes como payasos, el perro Piruetas, vecinos y niños.",FUE-0146,DESCUBIERTO,2026-09-08,2026-09-08,NO ENCONTRADO,NO ENCONTRADO,Creado por referencia desde COMP-0087.
OBR-0093,El Viaje de los Caracoles,COMP-0018,Teatro Ánima,NO ENCONTRADO,NO ENCONTRADO,NO ENCONTRADO,NO ENCONTRADO,NO ENCONTRADO,NO ENCONTRADO,quillota,ESP-0016,Centro Cultural Leopoldo Silva Reynoard,FES-0041,Ciclo de Teatro Familiar de Quillota,NO ENCONTRADO,FUE-0156,DESCUBIERTO,2026-09-08,2026-09-08,NO ENCONTRADO,NO ENCONTRADO,Creado por referencia desde COMP-0018.
OBR-0094,El Principito,COMP-0104,Teatro AlmaZen,NO ENCONTRADO,NO ENCONTRADO,NO ENCONTRADO,NO ENCONTRADO,NO ENCONTRADO,NO ENCONTRADO,quillota,ESP-0016,Centro Cultural Leopoldo Silva Reynoard,FES-0041,Ciclo de Teatro Familiar de Quillota,NO ENCONTRADO,FUE-0156,DESCUBIERTO,2026-09-08,2026-09-08,NO ENCONTRADO,NO ENCONTRADO,Creado por referencia desde COMP-0104.
OBR-0095,Tico y la Piedra Mágica,COMP-0105,Proyectico Títeres Educativos,NO ENCONTRADO,NO ENCONTRADO,NO ENCONTRADO,NO ENCONTRADO,NO ENCONTRADO,NO ENCONTRADO,quillota,ESP-0016,Centro Cultural Leopoldo Silva Reynoard,FES-0041,Ciclo de Teatro Familiar de Quillota,NO ENCONTRADO,FUE-0156,DESCUBIERTO,2026-09-08,2026-09-08,NO ENCONTRADO,NO ENCONTRADO,Creado por referencia desde COMP-0105.
OBR-0096,Día de Mierclown,COMP-0106,Cía. Manga de Fracasados,NO ENCONTRADO,NO ENCONTRADO,NO ENCONTRADO,NO ENCONTRADO,NO ENCONTRADO,NO ENCONTRADO,quillota,ESP-0016,Centro Cultural Leopoldo Silva Reynoard,FES-0041,Ciclo de Teatro Familiar de Quillota,NO ENCONTRADO,FUE-0156,DESCUBIERTO,2026-09-08,2026-09-08,NO ENCONTRADO,NO ENCONTRADO,Creado por referencia desde COMP-0106.
OBR-0097,"El perro, la pulga y Robi salvan el río",COMP-0107,Los Teatristas,NO ENCONTRADO,NO ENCONTRADO,NO ENCONTRADO,NO ENCONTRADO,infantil,NO ENCONTRADO,NO ENCONTRADO,NO ENCONTRADO,NO ENCONTRADO,NO ENCONTRADO,NO ENCONTRADO,"Espectáculo musical-teatral sobre la protección del agua y el ecosistema del río Aconcagua, presentado a escolares de Los Andes en el ciclo 'Patio Cultural' (septiembre de 2026), con itinerancia posterior por establecimientos de la cuenca del Aconcagua.",FUE-0157,DESCUBIERTO,2026-09-08,2026-09-08,NO ENCONTRADO,NO ENCONTRADO,Creado por referencia desde COMP-0107.
OBR-0098,Alas de fuego,COMP-0108,Teatro Profesional Onirus,Horacio Videla,NO ENCONTRADO,NO ENCONTRADO,pasacalle,NO ENCONTRADO,NO ENCONTRADO,rinconada,NO ENCONTRADO,NO ENCONTRADO,FES-0042,Teatro a Mil en la Región de Valparaíso,"Pasacalle con 25 actores, máscaras, circo y malabarismo.",FUE-0158,DESCUBIERTO,2026-09-08,2026-09-08,NO ENCONTRADO,NO ENCONTRADO,Creado por referencia desde COMP-0108.
OBR-0099,Artículo 161,NO ENCONTRADO,NO ENCONTRADO,NO ENCONTRADO,NO ENCONTRADO,NO ENCONTRADO,NO ENCONTRADO,NO ENCONTRADO,NO ENCONTRADO,quillota,ESP-0006,Teatro Rodolfo Bravo del Centro Cultural Municipal Leopoldo Silva Reynoard,NO ENCONTRADO,NO ENCONTRADO,NO ENCONTRADO,FUE-0155,DESCUBIERTO,2026-09-08,2026-09-08,NO ENCONTRADO,NO ENCONTRADO,Creado por referencia desde FUN-0041.
OBR-0100,La Remolienda,COMP-0109,Taller Municipal de Teatro de Quillota,NO ENCONTRADO,Alejandro Sieveking,NO ENCONTRADO,NO ENCONTRADO,NO ENCONTRADO,NO ENCONTRADO,NO ENCONTRADO,NO ENCONTRADO,NO ENCONTRADO,NO ENCONTRADO,NO ENCONTRADO,"Muestra de proceso interactiva del grupo juvenil-adulto en el hall del Centro Cultural (5 de julio de 2025, jornada Artes Integradas).",FUE-0159 | FUE-0160 | FUE-0063,DESCUBIERTO,2026-09-08,2026-09-08,NO ENCONTRADO,NO ENCONTRADO,Creado por referencia desde COMP-0109.
OBR-0101,El motín contra Portales,NO ENCONTRADO,NO ENCONTRADO,Ivo Herrera,Ivo Herrera,2025,teatro callejero (historia local),NO ENCONTRADO,NO ENCONTRADO,quillota,ESP-0079,Colegio Canadá de Quillota,NO ENCONTRADO,NO ENCONTRADO,"Obra de teatro callejero sobre historia local de Quillota producida por el Centro Cultural Leopoldo Silva Reynoard; dirección y dramaturgia de Ivo Herrera, diseño integral de Alonso Machuca; elenco de la Región de Valparaíso: Estefanía Aedo, Ernesto Briones, Diana del Río, Carmen Gloria Donoso y José Mendoza. Estreno 12 de julio de 2025; presentaciones en espacios públicos y funciones escolares hasta octubre de 2025, acompañadas por Fiesta Bohemia y Marilyn Cantora. Financiada por Espacios Culturales Bajo Convenio, Red Cultura 2024.",FUE-0159,DESCUBIERTO,2026-09-08,2026-09-08,NO ENCONTRADO,NO ENCONTRADO,NO ENCONTRADO
OBR-0102,Tibia,NO ENCONTRADO,NO ENCONTRADO,NO ENCONTRADO,NO ENCONTRADO,NO ENCONTRADO,práctica performativa,NO ENCONTRADO,NO ENCONTRADO,quillota,ESP-0006,Teatro Rodolfo Bravo del Centro Cultural Municipal Leopoldo Silva Reynoard,NO ENCONTRADO,NO ENCONTRADO,"Práctica performativa sobre modos de relación entre materiales y cuerpos; iniciada en 2022 en el ciclo de residencias Proximidades Expositivas (Buenos Aires); financiada por el Fondo Nacional de Fomento y Desarrollo de las Artes. Función escolar y para público general, gratuita, a fines de julio de 2025.",FUE-0159,DESCUBIERTO,2026-09-08,2026-09-08,NO ENCONTRADO,NO ENCONTRADO,Compañía o artista no nombrados en el boletín.
OBR-0103,El Invitado,NO ENCONTRADO,NO ENCONTRADO,Gonzalo Pinto,Juan Radrigán,NO ENCONTRADO,NO ENCONTRADO,NO ENCONTRADO,NO ENCONTRADO,los-andes,ESP-0001,Centro Cultural de Los Andes,NO ENCONTRADO,NO ENCONTRADO,Drama con humor y crítica social; elenco Daniela Lhorente y Claudio González Ravanal.,FUE-0161,DESCUBIERTO,2026-09-08,2026-09-08,NO ENCONTRADO,NO ENCONTRADO,Compañía no indicada.
OBR-0104,Planeta Alegría,NO ENCONTRADO,NO ENCONTRADO,NO ENCONTRADO,NO ENCONTRADO,NO ENCONTRADO,NO ENCONTRADO,infantil,NO ENCONTRADO,san-felipe,ESP-0062,Teatro Municipal de San Felipe,NO ENCONTRADO,NO ENCONTRADO,NO ENCONTRADO,FUE-0163,DESCUBIERTO,2026-09-08,2026-09-08,NO ENCONTRADO,NO ENCONTRADO,Obra infantil de Zeta Producciones (origen no indicado).
OBR-0105,Aladino,NO ENCONTRADO,NO ENCONTRADO,NO ENCONTRADO,NO ENCONTRADO,NO ENCONTRADO,NO ENCONTRADO,NO ENCONTRADO,NO ENCONTRADO,san-felipe,ESP-0062,Teatro Municipal de San Felipe,NO ENCONTRADO,NO ENCONTRADO,NO ENCONTRADO,FUE-0164,DESCUBIERTO,2026-09-08,2026-09-08,NO ENCONTRADO,NO ENCONTRADO,Creado por referencia desde FUN-0047.
OBR-0106,El Húsar de la Muerte,NO ENCONTRADO,NO ENCONTRADO,NO ENCONTRADO,NO ENCONTRADO,NO ENCONTRADO,NO ENCONTRADO,NO ENCONTRADO,NO ENCONTRADO,vina-del-mar,ESP-0059,Teatro Municipal de Viña del Mar,NO ENCONTRADO,NO ENCONTRADO,NO ENCONTRADO,FUE-0160,DESCUBIERTO,2026-09-08,2026-09-08,NO ENCONTRADO,NO ENCONTRADO,Creado por referencia desde FUN-0048.
OBR-0107,El monólogo de un árbol,COMP-0110,Carro Nómade,NO ENCONTRADO,NO ENCONTRADO,NO ENCONTRADO,NO ENCONTRADO,NO ENCONTRADO,NO ENCONTRADO,NO ENCONTRADO,NO ENCONTRADO,NO ENCONTRADO,NO ENCONTRADO,NO ENCONTRADO,NO ENCONTRADO,FUE-0167,DESCUBIERTO,2026-09-08,2026-09-08,NO ENCONTRADO,NO ENCONTRADO,Creado por referencia desde COMP-0110.
OBR-0108,Cartas para que no me olvides,COMP-0111,Compañía Oreja Roja,NO ENCONTRADO,NO ENCONTRADO,NO ENCONTRADO,NO ENCONTRADO,NO ENCONTRADO,NO ENCONTRADO,NO ENCONTRADO,NO ENCONTRADO,NO ENCONTRADO,NO ENCONTRADO,NO ENCONTRADO,NO ENCONTRADO,FUE-0167,DESCUBIERTO,2026-09-08,2026-09-08,NO ENCONTRADO,NO ENCONTRADO,Creado por referencia desde COMP-0111.
OBR-0109,Voces por la memoria,COMP-0050,Colectivo interdisciplinario Musgo,Diego Belmar,NO ENCONTRADO,NO ENCONTRADO,NO ENCONTRADO,NO ENCONTRADO,NO ENCONTRADO,NO ENCONTRADO,NO ENCONTRADO,NO ENCONTRADO,NO ENCONTRADO,NO ENCONTRADO,NO ENCONTRADO,FUE-0167 | FUE-0063,DESCUBIERTO,2026-09-08,2026-09-08,NO ENCONTRADO,NO ENCONTRADO,Creado por referencia desde COMP-0050.
OBR-0110,Monumentos,COMP-0050,Colectivo interdisciplinario Musgo,NO ENCONTRADO,NO ENCONTRADO,NO ENCONTRADO,NO ENCONTRADO,NO ENCONTRADO,NO ENCONTRADO,san-antonio,ESP-0002,Centro Cultural San Antonio,FES-0002,Festival Litoral Teatral,NO ENCONTRADO,FUE-0167 | FUE-0063,DESCUBIERTO,2026-09-08,2026-09-08,NO ENCONTRADO,NO ENCONTRADO,Creado por referencia desde COMP-0050.
OBR-0111,En bañador,COMP-0112,Compañía Aranwa,NO ENCONTRADO,NO ENCONTRADO,NO ENCONTRADO,NO ENCONTRADO,NO ENCONTRADO,NO ENCONTRADO,NO ENCONTRADO,NO ENCONTRADO,NO ENCONTRADO,NO ENCONTRADO,NO ENCONTRADO,NO ENCONTRADO,FUE-0167,DESCUBIERTO,2026-09-08,2026-09-08,NO ENCONTRADO,NO ENCONTRADO,Creado por referencia desde COMP-0112.
OBR-0112,El carnaval de la alegría,COMP-0068,Fundación Teatromuseo del Títere y el Payaso,NO ENCONTRADO,NO ENCONTRADO,NO ENCONTRADO,pasacalle,NO ENCONTRADO,NO ENCONTRADO,NO ENCONTRADO,NO ENCONTRADO,NO ENCONTRADO,NO ENCONTRADO,NO ENCONTRADO,NO ENCONTRADO,FUE-0167,DESCUBIERTO,2026-09-08,2026-09-08,NO ENCONTRADO,NO ENCONTRADO,Creado por referencia desde COMP-0068.
OBR-0113,La Tendalá,COMP-0039,Cooperativa de Artes Escénicas de Valparaíso,NO ENCONTRADO,NO ENCONTRADO,NO ENCONTRADO,NO ENCONTRADO,NO ENCONTRADO,NO ENCONTRADO,san-antonio,ESP-0002,Centro Cultural San Antonio,FES-0002,Festival Litoral Teatral,NO ENCONTRADO,FUE-0063,DESCUBIERTO,2026-09-08,2026-09-08,NO ENCONTRADO,NO ENCONTRADO,Creado por referencia desde COMP-0039.
OBR-0114,Historia de amor para un alma vieja,NO ENCONTRADO,NO ENCONTRADO,Felipe Zambrano Miguieles,Felipe Zambrano Miguieles,NO ENCONTRADO,NO ENCONTRADO,NO ENCONTRADO,NO ENCONTRADO,san-antonio | vina-del-mar,ESP-0059,Teatro Municipal de Viña del Mar,FES-0002 | FES-0048,Festival Litoral Teatral | Festival Internacional Santiago Off — extensión Región de Valparaíso,NO ENCONTRADO,FUE-0167 | FUE-0179,DESCUBIERTO,2026-09-08,2026-09-08,NO ENCONTRADO,NO ENCONTRADO,Festival Litoral Teatral 2024; compañía no indicada. Compañía 'FA' (Chile) según la nota municipal; Santiago Off 2026.
OBR-0115,Perfectos Desconocidos,NO ENCONTRADO,NO ENCONTRADO,NO ENCONTRADO,NO ENCONTRADO,NO ENCONTRADO,NO ENCONTRADO,NO ENCONTRADO,NO ENCONTRADO,san-antonio,NO ENCONTRADO,NO ENCONTRADO,FES-0002,Festival Litoral Teatral,NO ENCONTRADO,FUE-0167,DESCUBIERTO,2026-09-08,2026-09-08,NO ENCONTRADO,NO ENCONTRADO,Festival Litoral Teatral 2024; compañía no indicada.
OBR-0116,La Reina Isabel cantaba rancheras,NO ENCONTRADO,NO ENCONTRADO,Gustavo Meza,NO ENCONTRADO,NO ENCONTRADO,NO ENCONTRADO,NO ENCONTRADO,NO ENCONTRADO,san-antonio,ESP-0002,Centro Cultural San Antonio,FES-0002,Festival Litoral Teatral,NO ENCONTRADO,FUE-0063,DESCUBIERTO,2026-09-08,2026-09-08,NO ENCONTRADO,NO ENCONTRADO,Obra inaugural del Festival Litoral Teatral 2026 por Teatro Imagen (compañía nacional con más de medio siglo; sin registro propio por ser de otra región).
OBR-0117,Fábulas fabulosas,NO ENCONTRADO,NO ENCONTRADO,NO ENCONTRADO,NO ENCONTRADO,NO ENCONTRADO,NO ENCONTRADO,NO ENCONTRADO,NO ENCONTRADO,san-felipe,ESP-0062,Teatro Municipal de San Felipe,FES-0045,Ciclo Teatro Infantil del Teatro Municipal de San Felipe,NO ENCONTRADO,FUE-0170,DESCUBIERTO,2026-09-08,2026-09-08,NO ENCONTRADO,NO ENCONTRADO,Creado por referencia desde FUN-0053.
OBR-0118,Concón el Regreso,COMP-0120,Ucronia Teatral,NO ENCONTRADO,NO ENCONTRADO,NO ENCONTRADO,teatro histórico,NO ENCONTRADO,NO ENCONTRADO,concon,ESP-0083,Patio de los Copihues — Iglesia Nuestra Señora de Las Mercedes,NO ENCONTRADO,NO ENCONTRADO,Obra sobre la historia de Concón desde la Colonia hasta hoy.,FUE-0173,DESCUBIERTO,2026-09-08,2026-09-08,NO ENCONTRADO,NO ENCONTRADO,Creado por referencia desde COMP-0120.
OBR-0119,El delantal blanco,COMP-0121,Teatro Estrella Solitaria,NO ENCONTRADO,Sergio Vodanovic,2015,NO ENCONTRADO,NO ENCONTRADO,NO ENCONTRADO,NO ENCONTRADO,NO ENCONTRADO,NO ENCONTRADO,NO ENCONTRADO,NO ENCONTRADO,NO ENCONTRADO,FUE-0174,DESCUBIERTO,2026-09-08,2026-09-08,NO ENCONTRADO,NO ENCONTRADO,Creado por referencia desde COMP-0121.
OBR-0120,Contrapunto para dos voces cansadas,COMP-0116,Experimento Pierrot,NO ENCONTRADO,NO ENCONTRADO,NO ENCONTRADO,NO ENCONTRADO,NO ENCONTRADO,NO ENCONTRADO,valparaiso,ESP-0003,Parque Cultural de Valparaíso,FES-0047,Mes del Teatro en la Región de Valparaíso 2022,NO ENCONTRADO,FUE-0175,DESCUBIERTO,2026-09-08,2026-09-08,NO ENCONTRADO,NO ENCONTRADO,Creado por referencia desde COMP-0116.
OBR-0121,Yo soy un oso,COMP-0008,Fundación OANI de Teatro,NO ENCONTRADO,NO ENCONTRADO,2022,NO ENCONTRADO,NO ENCONTRADO,NO ENCONTRADO,valparaiso,ESP-0003,Parque Cultural de Valparaíso,FES-0047,Mes del Teatro en la Región de Valparaíso 2022,NO ENCONTRADO,FUE-0175 | FUE-0030,DESCUBIERTO,2026-09-08,2026-09-08,NO ENCONTRADO,NO ENCONTRADO,Creado por referencia desde COMP-0008.
OBR-0122,Vino por la causa,COMP-0118,Ankalli Artes Escénicas,NO ENCONTRADO,NO ENCONTRADO,NO ENCONTRADO,NO ENCONTRADO,NO ENCONTRADO,NO ENCONTRADO,villa-alemana,ESP-0022,Centro Cultural Gabriela Mistral,FES-0047,Mes del Teatro en la Región de Valparaíso 2022,NO ENCONTRADO,FUE-0175,DESCUBIERTO,2026-09-08,2026-09-08,NO ENCONTRADO,NO ENCONTRADO,Creado por referencia desde COMP-0118.
OBR-0123,En la puerta del horno se quema el pan,COMP-0039,Cooperativa de Artes Escénicas de Valparaíso,NO ENCONTRADO,NO ENCONTRADO,NO ENCONTRADO,NO ENCONTRADO,NO ENCONTRADO,NO ENCONTRADO,valparaiso,ESP-0087,Cancha Quebrada Márquez,FES-0047,Mes del Teatro en la Región de Valparaíso 2022,NO ENCONTRADO,FUE-0175,DESCUBIERTO,2026-09-08,2026-09-08,NO ENCONTRADO,NO ENCONTRADO,Creado por referencia desde COMP-0039.
OBR-0124,Inusual… Mundo autista,COMP-0119,Soporte Corporal,NO ENCONTRADO,NO ENCONTRADO,NO ENCONTRADO,NO ENCONTRADO,NO ENCONTRADO,NO ENCONTRADO,valparaiso,ESP-0054,Centex — Centro de Extensión del Ministerio de las Culturas,FES-0047,Mes del Teatro en la Región de Valparaíso 2022,NO ENCONTRADO,FUE-0175,DESCUBIERTO,2026-09-08,2026-09-08,NO ENCONTRADO,NO ENCONTRADO,Creado por referencia desde COMP-0119.
OBR-0125,FUSIS,NO ENCONTRADO,NO ENCONTRADO,NO ENCONTRADO,NO ENCONTRADO,NO ENCONTRADO,danza,NO ENCONTRADO,NO ENCONTRADO,valparaiso,ESP-0003,Parque Cultural de Valparaíso,FES-0047,Mes del Teatro en la Región de Valparaíso 2022,NO ENCONTRADO,FUE-0175,DESCUBIERTO,2026-09-08,2026-09-08,NO ENCONTRADO,NO ENCONTRADO,"Obra de danza de Carolina Cifras (Limache), Mes del Teatro 2022 (12 de mayo, 19:00, $2.500)."
OBR-0126,Cabaret (Aníbal Gaete),NO ENCONTRADO,NO ENCONTRADO,NO ENCONTRADO,NO ENCONTRADO,NO ENCONTRADO,musical,NO ENCONTRADO,NO ENCONTRADO,valparaiso,ESP-0003,Parque Cultural de Valparaíso,FES-0047,Mes del Teatro en la Región de Valparaíso 2022,NO ENCONTRADO,FUE-0175,DESCUBIERTO,2026-09-08,2026-09-08,NO ENCONTRADO,NO ENCONTRADO,"Musical de Aníbal Gaete (Olmué), Mes del Teatro 2022 (14 de mayo, 19:00, $2.500)."
OBR-0127,Piaf en Rose,NO ENCONTRADO,NO ENCONTRADO,NO ENCONTRADO,NO ENCONTRADO,NO ENCONTRADO,NO ENCONTRADO,NO ENCONTRADO,NO ENCONTRADO,valparaiso,ESP-0053,Centro Cultural IPA,FES-0047,Mes del Teatro en la Región de Valparaíso 2022,NO ENCONTRADO,FUE-0175,DESCUBIERTO,2026-09-08,2026-09-08,NO ENCONTRADO,NO ENCONTRADO,"Mes del Teatro 2022 (11 de mayo, 19:00); compañía no indicada."
OBR-0128,Desentierren a los vivos,NO ENCONTRADO,NO ENCONTRADO,Pita Torres,NO ENCONTRADO,NO ENCONTRADO,NO ENCONTRADO,NO ENCONTRADO,NO ENCONTRADO,quilpue,ESP-0004,Teatro Municipal Juan Bustos Ramírez,FES-0047,Mes del Teatro en la Región de Valparaíso 2022,NO ENCONTRADO,FUE-0175,DESCUBIERTO,2026-09-08,2026-09-08,NO ENCONTRADO,NO ENCONTRADO,"Mes del Teatro 2022 (28 de mayo, 19:00, gratuita); compañía no indicada."
OBR-0129,La estrategia de Elías,COMP-0008,Fundación OANI de Teatro,NO ENCONTRADO,NO ENCONTRADO,NO ENCONTRADO,NO ENCONTRADO,NO ENCONTRADO,NO ENCONTRADO,NO ENCONTRADO,NO ENCONTRADO,NO ENCONTRADO,NO ENCONTRADO,NO ENCONTRADO,NO ENCONTRADO,FUE-0030,DESCUBIERTO,2026-09-08,2026-09-08,NO ENCONTRADO,NO ENCONTRADO,Creado por referencia desde COMP-0008.
OBR-0130,La cocina pública,COMP-0008,Fundación OANI de Teatro,NO ENCONTRADO,NO ENCONTRADO,NO ENCONTRADO,NO ENCONTRADO,NO ENCONTRADO,NO ENCONTRADO,NO ENCONTRADO,NO ENCONTRADO,NO ENCONTRADO,NO ENCONTRADO,NO ENCONTRADO,NO ENCONTRADO,FUE-0030,DESCUBIERTO,2026-09-08,2026-09-08,NO ENCONTRADO,NO ENCONTRADO,Creado por referencia desde COMP-0008.
OBR-0131,Avatares,COMP-0008,Fundación OANI de Teatro,NO ENCONTRADO,NO ENCONTRADO,NO ENCONTRADO,NO ENCONTRADO,NO ENCONTRADO,NO ENCONTRADO,NO ENCONTRADO,NO ENCONTRADO,NO ENCONTRADO,NO ENCONTRADO,NO ENCONTRADO,NO ENCONTRADO,FUE-0030,DESCUBIERTO,2026-09-08,2026-09-08,NO ENCONTRADO,NO ENCONTRADO,Creado por referencia desde COMP-0008.
OBR-0132,Feroz,COMP-0013,Centro de Investigación Teatro La Peste,NO ENCONTRADO,NO ENCONTRADO,2018,NO ENCONTRADO,NO ENCONTRADO,NO ENCONTRADO,NO ENCONTRADO,NO ENCONTRADO,NO ENCONTRADO,NO ENCONTRADO,NO ENCONTRADO,NO ENCONTRADO,FUE-0176,DESCUBIERTO,2026-09-08,2026-09-08,NO ENCONTRADO,NO ENCONTRADO,Creado por referencia desde COMP-0013.
OBR-0133,La vida de mi guerra,COMP-0077,Flamenco Triana,NO ENCONTRADO,NO ENCONTRADO,NO ENCONTRADO,NO ENCONTRADO,NO ENCONTRADO,NO ENCONTRADO,vina-del-mar,ESP-0059,Teatro Municipal de Viña del Mar,NO ENCONTRADO,NO ENCONTRADO,NO ENCONTRADO,FUE-0179,DESCUBIERTO,2026-09-08,2026-09-08,NO ENCONTRADO,NO ENCONTRADO,Creado por referencia desde COMP-0077.
OBR-0134,La Traviata (Lírica Disidente),COMP-0125,Colectivo Artístico Lírica Disidente,NO ENCONTRADO,NO ENCONTRADO,NO ENCONTRADO,ópera,NO ENCONTRADO,NO ENCONTRADO,NO ENCONTRADO,NO ENCONTRADO,NO ENCONTRADO,NO ENCONTRADO,NO ENCONTRADO,NO ENCONTRADO,FUE-0180,DESCUBIERTO,2026-09-08,2026-09-08,NO ENCONTRADO,NO ENCONTRADO,Creado por referencia desde COMP-0125.
OBR-0135,Ella & Ella,NO ENCONTRADO,NO ENCONTRADO,NO ENCONTRADO,Omar Saavedra,2018,NO ENCONTRADO,NO ENCONTRADO,NO ENCONTRADO,NO ENCONTRADO,NO ENCONTRADO,NO ENCONTRADO,FES-0046,Festival Síntesis Teatral,NO ENCONTRADO,FUE-0176,DESCUBIERTO,2026-09-08,2026-09-08,NO ENCONTRADO,NO ENCONTRADO,Reposición en el Festival Síntesis Teatral 2019; compañía no indicada.
OBR-0136,Agalls,NO ENCONTRADO,NO ENCONTRADO,NO ENCONTRADO,NO ENCONTRADO,NO ENCONTRADO,NO ENCONTRADO,NO ENCONTRADO,NO ENCONTRADO,NO ENCONTRADO,NO ENCONTRADO,NO ENCONTRADO,FES-0046,Festival Síntesis Teatral,NO ENCONTRADO,FUE-0177,DESCUBIERTO,2026-09-08,2026-09-08,NO ENCONTRADO,NO ENCONTRADO,Cinco monólogos; Festival Síntesis Teatral 2019; compañía no indicada.
